dossier_cle,canal,est_assure_annulation,anticipation_jours,nb_dossiers_anterieurs,est_solo,a_prestations,nb_produits_total,region_destination,device_resa,theme_station,periode_depart,duree_sejour,groupe_fournisseur,nb_campagnes_recues,recence_email_jours,est_dans_crm,assure_x_anticip,y_annulation
DOS_000000,1,0,50,1,0,0,2,14,0,4,10,14,4,3,65,0,0,0
DOS_000001,5,0,98,2,0,1,1,1,0,0,6,5,4,4,9,0,0,0
DOS_000002,3,1,85,2,0,1,1,0,0,2,1,5,6,4,35,0,85,0
DOS_000003,2,0,10,1,0,0,1,6,1,3,2,3,3,1,15,1,0,0
DOS_000004,0,0,9,4,0,1,1,5,1,9,4,14,7,5,9,0,0,0
DOS_000005,0,1,18,1,0,0,1,4,0,3,2,3,3,5,4,0,18,0
DOS_000006,0,0,26,2,1,0,1,11,0,0,3,3,2,2,107,0,0,0
DOS_000007,4,1,31,3,1,1,1,12,0,9,8,14,7,2,22,0,31,1
DOS_000008,2,0,68,0,0,1,3,12,1,8,9,14,6,2,3,0,0,0
DOS_000009,3,0,3,2,0,0,3,12,0,9,6,3,4,8,6,0,0,0
DOS_000010,0,0,2,1,0,0,2,7,0,3,4,14,3,3,15,0,0,0
DOS_000011,5,0,29,1,0,1,2,10,0,1,11,3,3,5,23,0,0,1
DOS_000012,4,1,71,1,1,1,1,14,0,8,2,2,7,2,6,1,71,0
DOS_000013,0,0,12,1,0,1,1,12,0,3,7,7,4,3,9,0,0,0
DOS_000014,0,0,61,2,0,0,1,1,0,3,10,7,6,0,45,1,0,0
DOS_000015,0,0,18,2,1,1,2,1,0,5,11,5,4,3,16,0,0,0
DOS_000016,0,0,130,1,0,1,3,8,0,7,7,2,0,7,0,0,0,0
DOS_000017,1,1,135,2,1,0,2,0,1,4,10,3,5,3,1,0,135,0
DOS_000018,1,0,21,3,1,1,1,5,0,7,9,7,3,4,17,1,0,0
DOS_000019,0,1,15,2,0,0,1,12,1,0,5,14,2,1,1,1,15,0
DOS_000020,2,1,31,2,0,0,3,12,1,3,10,5,6,4,5,0,31,0
DOS_000021,0,1,16,3,0,1,1,2,1,0,4,7,1,1,39,0,16,0
DOS_000022,0,1,66,1,0,0,3,14,2,2,10,3,1,2,19,1,66,0
DOS_000023,1,0,104,1,0,0,2,12,0,6,6,7,4,2,19,0,0,0
DOS_000024,1,0,67,2,1,1,3,4,0,0,12,2,5,5,27,0,0,0
DOS_000025,3,0,104,0,0,0,4,7,1,4,2,7,6,5,46,0,0,0
DOS_000026,0,1,30,2,0,0,4,6,1,0,2,5,6,2,5,0,30,0
DOS_000027,1,1,10,0,0,1,2,12,0,5,12,14,2,0,5,0,10,0
DOS_000028,2,0,80,1,1,0,2,11,0,8,9,5,0,1,3,0,0,0
DOS_000029,0,1,26,0,0,0,1,3,1,2,7,5,7,2,82,0,26,0
DOS_000030,2,0,66,1,1,0,4,7,2,5,7,7,3,1,25,0,0,0
DOS_000031,0,1,18,1,0,0,2,10,0,3,5,5,0,3,2,0,18,0
DOS_000032,0,0,5,2,0,1,1,10,2,5,7,3,6,4,7,0,0,0
DOS_000033,5,1,294,1,1,1,1,9,0,1,9,7,2,2,38,0,294,0
DOS_000034,5,1,10,2,1,0,1,10,0,3,10,7,0,4,0,1,10,0
DOS_000035,3,0,267,1,0,1,2,13,0,6,5,5,4,3,38,0,0,0
DOS_000036,0,0,227,2,0,0,2,1,0,5,9,3,1,2,72,0,0,0
DOS_000037,0,0,94,1,1,0,1,6,1,8,1,5,4,3,1,0,0,0
DOS_000038,2,0,64,1,0,1,1,4,0,6,12,14,3,2,6,0,0,0
DOS_000039,1,0,51,1,0,1,4,10,0,0,3,2,4,4,0,0,0,0
DOS_000040,0,1,120,2,1,0,3,5,0,5,7,5,2,3,3,0,120,0
DOS_000041,1,1,20,2,0,0,3,2,0,2,4,7,6,5,28,0,20,0
DOS_000042,0,0,37,0,0,0,1,10,0,7,2,2,2,6,1,0,0,0
DOS_000043,4,0,57,1,0,0,3,9,2,0,12,5,3,1,16,0,0,0
DOS_000044,0,1,31,0,0,0,2,6,0,9,3,14,3,6,20,0,31,0
DOS_000045,2,1,33,4,1,1,1,6,1,1,7,2,1,1,71,0,33,0
DOS_000046,0,0,24,1,0,0,1,1,0,2,8,7,0,1,19,0,0,0
DOS_000047,1,1,49,2,0,1,1,0,0,2,11,7,1,2,4,0,49,1
DOS_000048,1,0,114,1,0,0,1,9,0,6,9,5,4,4,10,0,0,1
DOS_000049,0,0,13,0,1,0,5,1,0,7,6,3,0,3,33,0,0,0
DOS_000050,5,0,163,0,0,0,1,11,2,8,10,14,3,2,3,0,0,0
DOS_000051,3,0,70,4,1,0,1,7,1,6,9,7,2,3,7,0,0,0
DOS_000052,5,0,103,0,0,1,2,10,2,7,4,3,4,4,164,0,0,0
DOS_000053,4,1,48,1,1,0,1,9,1,5,12,3,7,2,0,0,48,0
DOS_000054,2,1,90,2,0,0,2,2,1,1,5,7,1,2,4,0,90,0
DOS_000055,5,1,0,0,1,1,1,10,1,0,1,5,6,4,55,0,0,0
DOS_000056,0,0,102,0,0,1,3,3,1,2,9,7,5,6,3,0,0,0
DOS_000057,0,0,2,3,0,0,1,7,1,8,9,14,5,1,1,0,0,0
DOS_000058,0,1,132,1,1,0,2,2,0,6,9,5,3,10,3,0,132,0
DOS_000059,0,0,289,0,1,1,3,5,0,1,3,14,6,4,35,0,0,0
DOS_000060,1,0,20,2,0,1,4,1,1,0,10,7,0,3,149,0,0,0
DOS_000061,0,0,14,2,1,1,3,2,0,1,10,3,5,1,26,0,0,0
DOS_000062,4,1,86,3,0,0,2,0,0,2,10,7,0,4,3,0,86,0
DOS_000063,1,0,17,0,1,1,1,8,1,5,8,7,2,1,6,0,0,0
DOS_000064,0,0,120,0,0,0,2,3,0,8,3,3,3,3,23,0,0,0
DOS_000065,1,1,6,0,0,0,3,5,1,7,6,5,7,2,37,1,6,0
DOS_000066,0,0,8,2,0,1,4,14,0,9,5,7,3,5,32,0,0,0
DOS_000067,3,0,232,1,0,0,1,6,1,8,8,7,4,3,25,0,0,0
DOS_000068,0,0,67,1,1,0,1,1,0,7,3,14,4,1,128,0,0,0
DOS_000069,5,0,112,1,0,0,3,7,2,6,1,14,6,5,6,0,0,0
DOS_000070,3,1,23,1,0,0,1,11,2,5,12,3,0,2,5,0,23,0
DOS_000071,0,0,67,1,0,1,1,8,2,7,9,7,7,5,58,0,0,0
DOS_000072,0,0,54,0,1,1,1,13,0,5,10,2,5,3,10,0,0,0
DOS_000073,3,1,55,0,0,0,2,9,0,1,9,3,5,2,12,0,55,0
DOS_000074,3,1,68,1,0,0,5,10,2,8,3,3,1,1,23,0,68,0
DOS_000075,3,1,51,3,1,1,2,1,1,8,2,7,7,1,14,0,51,0
DOS_000076,3,0,33,0,0,1,1,4,2,2,4,3,0,6,10,0,0,0
DOS_000077,0,0,19,0,1,0,1,1,1,8,8,5,5,4,74,1,0,0
DOS_000078,1,1,87,1,1,1,1,10,0,1,6,3,4,5,4,0,87,0
DOS_000079,0,1,15,0,0,1,2,4,0,2,10,5,4,3,15,0,15,0
DOS_000080,4,0,70,0,1,0,2,6,1,5,1,14,7,5,0,0,0,0
DOS_000081,2,0,15,1,1,0,1,5,1,3,8,14,4,3,49,0,0,0
DOS_000082,0,0,58,2,0,0,2,3,0,7,5,7,0,4,5,0,0,0
DOS_000083,0,1,82,0,0,1,3,13,0,0,6,7,3,1,44,0,82,0
DOS_000084,0,0,14,0,1,0,1,1,1,5,5,7,6,2,4,0,0,0
DOS_000085,0,0,3,5,0,0,1,6,1,1,10,7,1,2,16,0,0,0
DOS_000086,3,0,8,1,1,0,5,11,0,5,5,7,1,2,39,0,0,0
DOS_000087,2,1,55,0,0,1,1,9,0,0,3,2,4,2,9,0,55,0
DOS_000088,4,1,113,0,0,0,3,8,0,1,4,5,2,5,11,0,113,0
DOS_000089,1,0,2,3,0,1,2,0,0,8,5,5,7,3,33,0,0,0
DOS_000090,0,1,79,0,0,1,3,2,2,5,11,5,0,2,6,0,79,0
DOS_000091,3,1,25,2,0,0,3,6,1,7,11,5,7,5,90,0,25,0
DOS_000092,3,0,39,1,1,0,2,14,1,6,2,7,5,5,6,0,0,0
DOS_000093,2,0,158,1,1,0,4,13,1,8,6,7,7,4,41,0,0,0
DOS_000094,3,0,24,1,1,1,4,8,0,8,2,2,5,1,48,0,0,0
DOS_000095,1,1,37,2,0,0,2,12,1,3,4,5,7,1,14,0,37,0
DOS_000096,1,1,0,1,1,0,1,4,2,6,12,7,7,0,5,0,0,0
DOS_000097,1,1,5,0,0,0,1,6,1,4,1,3,6,6,5,0,5,0
DOS_000098,0,1,17,2,1,0,3,14,0,6,4,2,3,7,126,0,17,0
DOS_000099,0,0,1,1,0,1,2,9,1,3,7,7,4,2,38,0,0,0
DOS_000100,0,1,59,1,1,1,1,6,2,9,8,7,2,3,17,1,59,0
DOS_000101,2,0,33,3,1,1,1,3,0,0,2,14,4,5,8,0,0,0
DOS_000102,0,0,47,2,0,0,2,4,0,3,3,7,7,3,0,0,0,0
DOS_000103,1,1,11,2,0,0,1,1,2,9,1,14,7,3,33,0,11,0
DOS_000104,4,1,21,4,0,1,2,7,2,2,7,2,2,2,94,0,21,0
DOS_000105,0,0,65,3,0,0,3,11,0,8,4,3,1,1,3,0,0,0
DOS_000106,1,1,201,0,0,1,2,14,0,4,11,5,2,2,42,0,201,0
DOS_000107,3,1,3,2,0,0,1,14,0,3,10,3,1,4,4,0,3,0
DOS_000108,0,0,132,1,0,0,1,0,0,7,8,7,1,1,47,1,0,0
DOS_000109,0,1,51,1,1,1,1,1,2,4,5,7,7,0,13,1,51,0
DOS_000110,0,0,49,1,0,1,1,11,0,2,9,14,0,1,37,0,0,0
DOS_000111,0,0,41,3,1,1,2,2,0,1,6,14,6,4,78,0,0,0
DOS_000112,5,0,4,0,1,0,2,6,2,7,11,7,2,4,29,0,0,0
DOS_000113,3,1,5,1,0,0,1,5,0,1,10,7,3,1,76,0,5,0
DOS_000114,2,1,55,4,0,0,1,13,1,7,2,3,3,2,8,0,55,0
DOS_000115,4,0,25,1,1,1,1,6,0,4,1,5,2,7,114,0,0,0
DOS_000116,3,0,149,2,1,1,5,10,1,7,1,14,6,3,61,1,0,0
DOS_000117,0,1,31,2,0,0,2,4,2,4,12,2,0,2,3,0,31,1
DOS_000118,4,0,9,1,1,1,4,13,0,0,12,7,3,1,16,0,0,0
DOS_000119,1,1,75,1,1,1,3,3,1,1,9,14,4,3,78,0,75,0
DOS_000120,3,1,20,4,1,1,2,14,2,5,1,3,3,3,2,0,20,0
DOS_000121,4,0,44,2,1,0,3,14,2,2,3,14,7,3,18,0,0,0
DOS_000122,0,1,71,2,0,0,1,6,0,7,12,2,0,5,38,0,71,0
DOS_000123,0,0,138,2,1,1,2,2,0,4,2,14,1,3,1,0,0,0
DOS_000124,0,1,94,3,1,0,1,12,0,2,12,5,1,4,41,0,94,0
DOS_000125,1,1,67,2,0,1,3,9,0,9,4,3,1,2,13,0,67,0
DOS_000126,3,1,68,1,1,1,1,6,0,6,1,3,7,5,8,0,68,0
DOS_000127,4,0,175,2,0,1,3,1,0,7,1,7,0,4,25,0,0,0
DOS_000128,0,1,21,1,0,0,1,11,1,3,4,14,1,3,23,0,21,0
DOS_000129,1,0,0,2,0,0,4,11,0,8,4,7,6,2,62,0,0,0
DOS_000130,1,0,19,2,0,0,1,7,1,5,7,14,1,1,33,0,0,0
DOS_000131,0,0,14,2,0,0,2,11,1,0,8,7,0,3,16,0,0,0
DOS_000132,0,1,65,2,1,0,2,5,0,4,8,2,7,3,31,0,65,0
DOS_000133,0,0,60,2,0,0,1,11,0,4,8,7,4,3,41,0,0,0
DOS_000134,5,1,54,1,0,0,2,14,1,6,12,5,3,0,83,0,54,0
DOS_000135,0,1,0,0,0,0,4,2,0,6,9,7,0,4,36,0,0,0
DOS_000136,1,0,78,2,0,0,1,2,0,5,1,2,0,4,23,0,0,0
DOS_000137,3,1,23,0,1,0,4,4,1,7,9,5,2,3,14,0,23,0
DOS_000138,1,0,65,0,1,0,2,2,0,1,10,7,1,4,66,0,0,0
DOS_000139,5,1,48,2,1,1,3,5,1,6,8,3,5,7,47,0,48,0
DOS_000140,5,1,25,1,0,0,1,1,2,9,1,7,4,2,2,0,25,0
DOS_000141,0,0,8,0,0,0,2,7,0,6,7,14,5,2,36,0,0,0
DOS_000142,1,1,5,0,1,1,4,12,1,3,9,2,2,2,23,0,5,0
DOS_000143,0,0,106,1,1,1,1,10,0,9,4,7,4,3,3,1,0,0
DOS_000144,0,0,150,1,0,0,2,11,1,1,9,7,1,3,24,0,0,0
DOS_000145,0,1,62,3,1,1,1,10,1,3,1,2,5,5,6,0,62,0
DOS_000146,2,0,6,2,1,1,1,8,0,3,9,7,7,7,36,1,0,0
DOS_000147,1,0,30,1,1,1,2,12,1,5,6,3,1,4,9,0,0,0
DOS_000148,0,0,78,1,0,0,3,14,1,6,4,5,1,2,4,0,0,0
DOS_000149,0,1,90,4,1,1,2,6,0,2,12,2,3,7,2,0,90,0
DOS_000150,4,0,7,2,0,0,1,13,2,9,12,7,4,4,20,0,0,0
DOS_000151,0,0,0,1,0,0,1,2,0,0,5,7,4,3,6,0,0,0
DOS_000152,0,1,74,1,0,1,1,10,0,2,7,5,2,0,57,0,74,1
DOS_000153,1,1,26,1,0,0,2,13,0,8,10,3,7,3,0,0,26,0
DOS_000154,5,0,17,0,0,1,4,9,1,0,4,7,0,4,55,0,0,0
DOS_000155,0,0,0,3,0,0,3,3,1,7,8,14,1,4,22,0,0,0
DOS_000156,2,0,46,2,1,1,1,11,1,1,3,7,1,4,76,0,0,0
DOS_000157,3,0,114,0,1,0,4,9,1,5,2,3,5,5,6,1,0,0
DOS_000158,0,0,189,5,1,0,2,1,1,2,1,2,2,0,3,0,0,0
DOS_000159,3,1,50,0,0,0,3,8,0,6,6,14,4,2,29,0,50,0
DOS_000160,1,1,43,1,0,0,1,13,0,1,2,2,3,3,36,0,43,0
DOS_000161,2,1,5,3,1,0,2,4,0,3,8,2,4,2,13,0,5,0
DOS_000162,2,0,47,1,0,1,1,11,0,9,11,7,3,2,0,0,0,0
DOS_000163,1,1,28,2,1,0,1,1,0,8,10,7,3,2,15,0,28,1
DOS_000164,0,0,56,2,1,1,1,9,2,5,4,7,4,4,7,0,0,1
DOS_000165,4,1,29,1,0,0,1,5,2,3,9,2,5,3,12,1,29,0
DOS_000166,0,1,16,3,1,0,1,6,0,1,4,7,1,2,21,0,16,0
DOS_000167,0,0,5,1,1,1,1,12,0,9,4,7,3,2,36,0,0,0
DOS_000168,0,1,22,2,0,0,1,1,0,8,12,7,5,1,99,0,22,0
DOS_000169,2,0,6,2,0,1,2,14,1,3,8,3,2,2,4,0,0,0
DOS_000170,2,1,11,2,0,1,1,0,0,8,12,7,2,4,34,0,11,0
DOS_000171,0,0,262,0,0,0,2,12,1,1,8,7,3,1,7,0,0,0
DOS_000172,1,0,35,1,0,1,1,6,0,6,5,7,1,5,7,0,0,0
DOS_000173,0,1,45,4,0,1,4,0,1,4,3,7,3,3,30,0,45,0
DOS_000174,2,0,124,0,0,0,4,2,0,7,12,5,2,1,44,0,0,1
DOS_000175,0,1,325,1,1,1,1,3,0,7,2,5,6,4,114,0,325,0
DOS_000176,2,0,52,0,0,0,2,1,0,3,9,2,2,5,43,0,0,0
DOS_000177,1,1,100,2,0,0,1,6,0,3,9,5,4,2,5,0,100,0
DOS_000178,5,1,23,4,0,1,4,4,2,7,5,7,6,0,7,1,23,0
DOS_000179,0,0,21,3,0,1,2,0,0,2,8,7,1,4,42,1,0,0
DOS_000180,0,0,30,0,0,1,1,11,0,6,7,2,4,0,22,1,0,0
DOS_000181,0,0,66,1,0,1,1,11,2,7,3,14,6,2,10,0,0,0
DOS_000182,5,0,68,0,0,1,1,7,0,7,12,5,5,3,19,0,0,0
DOS_000183,4,0,22,1,1,1,1,9,0,9,5,5,6,6,73,1,0,0
DOS_000184,0,1,8,3,1,0,2,6,1,3,9,2,5,3,42,1,8,0
DOS_000185,2,1,60,0,0,0,2,3,1,8,4,7,5,1,17,0,60,0
DOS_000186,3,1,8,3,0,0,1,1,0,9,3,7,6,4,118,0,8,0
DOS_000187,2,1,51,2,0,1,1,14,1,3,7,14,6,2,47,0,51,0
DOS_000188,1,1,70,2,1,0,1,6,1,7,8,5,0,7,0,1,70,1
DOS_000189,0,1,72,1,0,0,1,10,0,5,5,5,6,7,3,0,72,0
DOS_000190,0,0,84,2,1,0,3,1,1,4,8,7,5,2,24,0,0,0
DOS_000191,4,1,123,1,0,1,1,5,1,3,5,7,3,2,12,0,123,0
DOS_000192,4,1,41,1,0,1,2,0,2,4,9,14,4,3,50,0,41,0
DOS_000193,2,1,78,6,0,0,1,13,2,0,7,3,5,2,67,0,78,0
DOS_000194,0,0,57,2,1,0,1,6,0,6,5,7,1,1,8,0,0,0
DOS_000195,0,0,12,1,1,0,2,6,1,7,9,2,7,1,43,0,0,1
DOS_000196,3,0,1,2,0,0,2,11,0,8,5,7,6,3,22,0,0,0
DOS_000197,4,1,20,0,0,0,1,3,0,2,8,3,5,3,14,0,20,0
DOS_000198,4,0,35,0,0,1,2,3,0,8,12,7,3,5,46,0,0,0
DOS_000199,3,0,57,2,0,1,2,14,1,9,4,7,7,3,24,0,0,0
DOS_000200,2,1,113,2,1,0,1,9,1,4,9,2,6,2,30,0,113,0
DOS_000201,0,0,13,1,1,0,2,4,0,9,12,5,3,4,1,0,0,0
DOS_000202,0,0,8,0,1,0,2,1,1,5,6,5,7,3,26,0,0,0
DOS_000203,4,0,198,1,1,0,1,8,1,0,6,3,7,2,10,1,0,0
DOS_000204,2,1,6,1,0,0,2,9,1,8,3,2,3,4,20,0,6,0
DOS_000205,0,1,39,0,1,0,1,3,0,8,3,5,3,3,7,0,39,0
DOS_000206,0,0,52,1,1,0,1,10,1,5,4,7,3,3,28,0,0,0
DOS_000207,2,1,46,0,0,1,2,8,2,7,1,5,1,4,4,0,46,0
DOS_000208,0,0,5,1,1,1,4,13,0,3,6,5,0,2,3,1,0,0
DOS_000209,0,1,3,0,0,1,4,2,0,4,1,14,2,2,6,0,3,0
DOS_000210,1,1,6,5,1,0,1,8,2,4,11,2,0,3,51,0,6,0
DOS_000211,2,1,52,4,0,1,1,0,1,6,4,7,2,2,1,0,52,0
DOS_000212,2,0,47,3,0,1,2,6,0,6,7,7,4,4,39,0,0,0
DOS_000213,0,1,15,1,1,0,1,3,0,6,12,14,6,5,1,0,15,0
DOS_000214,3,1,60,1,0,0,3,6,1,4,6,5,3,2,26,1,60,0
DOS_000215,0,0,102,0,0,0,3,13,0,3,8,7,4,4,44,0,0,0
DOS_000216,0,1,2,1,0,0,4,9,0,7,4,2,4,2,7,0,2,0
DOS_000217,3,0,41,3,0,0,1,14,0,0,9,14,6,2,6,0,0,0
DOS_000218,2,1,70,2,0,0,1,5,0,0,10,5,2,1,10,0,70,0
DOS_000219,4,0,17,0,1,0,3,3,1,5,8,7,1,1,36,0,0,0
DOS_000220,2,1,22,1,1,0,2,3,2,1,5,3,3,8,8,0,22,0
DOS_000221,2,0,57,3,0,0,4,7,0,2,6,14,7,8,20,0,0,0
DOS_000222,0,0,136,2,1,1,1,6,1,3,5,7,5,1,4,0,0,0
DOS_000223,1,0,99,1,0,0,2,3,0,1,6,2,6,1,18,1,0,0
DOS_000224,0,0,52,2,1,1,2,10,0,9,1,3,7,5,29,0,0,0
DOS_000225,0,0,78,1,0,0,1,5,2,6,4,5,6,2,2,0,0,0
DOS_000226,5,0,27,2,0,0,2,5,0,9,9,3,7,4,50,0,0,0
DOS_000227,1,1,61,2,0,0,2,0,0,0,4,5,4,2,83,0,61,0
DOS_000228,4,0,37,0,0,0,1,12,0,2,2,14,0,3,6,0,0,0
DOS_000229,2,0,12,2,1,0,1,1,1,1,6,7,7,4,42,0,0,0
DOS_000230,3,1,72,1,1,0,2,3,0,8,2,14,3,3,11,0,72,0
DOS_000231,1,0,48,1,0,0,2,5,0,7,3,5,7,2,33,0,0,0
DOS_000232,2,1,26,2,0,1,4,5,1,2,7,7,1,5,10,1,26,0
DOS_000233,1,1,145,1,1,0,1,0,0,4,4,7,3,6,59,0,145,0
DOS_000234,0,1,1,1,1,1,1,7,0,2,1,5,5,3,12,0,1,0
DOS_000235,3,1,22,0,0,0,5,1,0,5,9,7,5,3,56,0,22,0
DOS_000236,0,1,3,1,0,1,4,12,0,4,6,5,4,4,43,0,3,1
DOS_000237,0,0,87,2,1,0,1,4,0,1,9,14,7,3,6,0,0,0
DOS_000238,2,0,72,1,0,1,3,3,1,9,3,7,0,5,5,1,0,0
DOS_000239,0,0,24,3,0,1,1,4,1,7,5,7,4,5,45,0,0,0
DOS_000240,5,1,67,2,0,1,1,4,0,5,9,7,1,1,14,0,67,0
DOS_000241,5,0,30,0,1,0,1,14,0,2,6,7,2,3,89,0,0,0
DOS_000242,4,1,84,0,1,1,1,9,0,0,2,7,5,4,85,1,84,0
DOS_000243,1,1,36,2,1,0,3,7,0,4,1,5,0,4,35,0,36,1
DOS_000244,0,1,31,3,1,1,3,9,0,1,9,3,5,3,20,0,31,0
DOS_000245,5,0,163,0,1,0,5,6,0,1,1,7,1,3,6,0,0,0
DOS_000246,1,0,17,2,0,0,3,11,0,8,5,14,1,4,64,0,0,0
DOS_000247,5,1,7,2,1,0,1,13,1,9,1,3,7,3,2,0,7,0
DOS_000248,5,1,52,2,0,0,2,8,0,6,5,14,5,0,13,1,52,1
DOS_000249,4,0,209,0,1,1,5,11,0,5,5,3,4,2,11,1,0,1
DOS_000250,0,0,28,2,0,1,3,10,0,0,7,7,5,3,95,0,0,1
DOS_000251,1,1,3,2,0,1,3,12,0,9,7,5,7,5,3,0,3,0
DOS_000252,4,1,24,0,1,1,4,14,1,1,11,3,4,5,66,0,24,0
DOS_000253,0,1,42,0,1,1,1,0,0,6,10,2,5,6,18,0,42,0
DOS_000254,0,1,10,1,0,0,3,5,0,2,1,5,4,3,1,0,10,0
DOS_000255,2,1,64,1,0,0,4,5,0,1,9,2,7,1,39,0,64,0
DOS_000256,5,0,365,1,0,0,5,1,0,5,1,3,2,3,3,0,0,0
DOS_000257,2,0,36,1,0,0,1,10,1,7,5,3,3,5,8,0,0,0
DOS_000258,2,0,26,2,1,0,2,7,2,7,7,2,3,3,48,0,0,0
DOS_000259,0,0,30,3,0,0,2,5,0,1,12,3,4,2,5,0,0,0
DOS_000260,2,1,7,1,1,0,1,10,1,5,8,7,4,2,11,0,7,0
DOS_000261,5,1,128,3,0,0,2,12,0,4,2,7,6,5,13,0,128,0
DOS_000262,0,1,32,2,1,1,1,9,0,6,1,3,6,8,26,0,32,0
DOS_000263,1,0,29,3,1,0,1,8,0,3,4,2,2,4,46,1,0,0
DOS_000264,4,1,64,2,0,0,1,9,1,1,12,7,7,2,7,0,64,0
DOS_000265,3,1,35,4,0,0,2,4,0,9,4,2,3,3,6,0,35,0
DOS_000266,2,1,62,2,1,0,1,6,2,2,10,7,2,1,7,0,62,1
DOS_000267,3,1,3,1,1,0,2,5,0,8,12,3,6,7,14,0,3,0
DOS_000268,1,0,100,1,0,0,1,10,0,9,6,3,6,0,22,0,0,0
DOS_000269,0,0,169,0,0,0,1,14,1,7,1,3,1,2,0,0,0,0
DOS_000270,3,0,62,1,0,0,1,4,2,8,1,3,5,5,45,0,0,0
DOS_000271,3,0,185,1,0,0,1,5,1,4,3,7,6,2,78,0,0,0
DOS_000272,4,0,9,3,0,0,2,3,1,4,5,3,3,2,55,0,0,0
DOS_000273,4,1,38,1,0,1,3,2,0,6,12,14,4,6,1,0,38,0
DOS_000274,1,1,55,0,1,0,1,12,0,6,6,5,7,5,22,0,55,1
DOS_000275,1,1,52,2,1,0,1,0,0,0,5,14,0,1,50,0,52,0
DOS_000276,3,1,30,0,1,0,3,0,0,4,5,3,6,1,12,0,30,0
DOS_000277,2,0,24,0,1,1,1,5,2,7,9,3,1,1,68,1,0,0
DOS_000278,3,1,8,2,1,0,5,13,1,6,2,7,5,4,65,0,8,0
DOS_000279,3,0,29,2,0,1,3,8,1,1,12,2,0,4,4,0,0,0
DOS_000280,4,0,10,1,0,1,1,7,0,7,12,7,2,5,20,0,0,0
DOS_000281,0,0,79,1,1,0,1,11,1,1,1,5,5,1,0,0,0,0
DOS_000282,1,0,14,0,0,0,2,1,1,9,6,7,2,5,9,0,0,0
DOS_000283,0,0,3,1,0,0,1,8,0,0,9,3,2,4,50,1,0,0
DOS_000284,2,0,48,1,1,0,1,7,0,2,7,7,4,2,110,0,0,0
DOS_000285,0,0,54,1,1,0,1,13,1,2,8,7,2,6,73,0,0,0
DOS_000286,1,1,123,4,1,0,3,13,1,5,5,7,6,2,1,0,123,1
DOS_000287,1,0,51,2,0,0,2,11,2,2,10,5,0,3,78,0,0,1
DOS_000288,0,0,25,2,1,0,1,8,0,6,4,14,1,4,51,0,0,0
DOS_000289,2,0,97,1,1,1,2,3,0,7,6,14,7,3,60,1,0,0
DOS_000290,0,1,46,5,0,0,1,8,0,2,3,14,6,2,73,0,46,0
DOS_000291,0,0,4,1,1,1,2,1,0,8,1,7,4,4,20,0,0,0
DOS_000292,4,0,50,3,0,1,1,12,1,0,11,5,1,1,7,0,0,0
DOS_000293,1,0,143,1,0,1,2,0,0,2,4,2,2,1,0,0,0,0
DOS_000294,0,0,30,2,0,1,5,12,2,2,9,14,3,0,0,0,0,0
DOS_000295,1,0,21,2,0,0,1,8,1,6,4,14,5,1,30,0,0,0
DOS_000296,3,0,9,0,0,0,1,9,0,4,1,2,4,2,12,1,0,0
DOS_000297,0,0,9,1,0,0,1,7,0,3,4,5,2,3,20,1,0,0
DOS_000298,2,0,34,3,0,0,1,6,0,1,7,14,4,6,4,0,0,0
DOS_000299,0,0,54,2,0,1,1,13,1,6,3,2,3,3,111,0,0,0
DOS_000300,0,1,5,2,1,1,3,12,0,2,10,3,7,2,4,0,5,1
DOS_000301,1,1,168,2,0,0,4,7,0,6,6,14,0,3,17,0,168,0
DOS_000302,1,0,84,0,0,0,1,11,0,9,1,7,6,1,17,0,0,0
DOS_000303,2,0,53,4,1,0,2,0,1,6,11,14,0,3,0,0,0,0
DOS_000304,3,1,105,0,0,0,2,13,0,1,4,3,5,2,33,1,105,0
DOS_000305,5,0,5,2,0,0,2,8,1,6,3,3,0,1,23,0,0,0
DOS_000306,1,0,38,1,0,0,1,11,2,5,1,7,7,4,20,0,0,0
DOS_000307,0,1,59,0,1,1,1,9,0,9,3,7,6,3,51,0,59,0
DOS_000308,3,0,105,0,1,0,2,10,0,3,4,5,6,3,8,0,0,0
DOS_000309,0,0,91,2,1,1,1,8,0,4,5,14,7,2,59,0,0,0
DOS_000310,1,0,19,2,1,1,3,14,0,7,6,14,3,3,60,0,0,0
DOS_000311,0,1,169,0,0,1,3,11,0,4,2,5,1,3,52,0,169,0
DOS_000312,0,0,7,0,0,0,1,10,0,2,2,3,7,1,12,0,0,0
DOS_000313,5,1,124,2,0,1,1,8,1,1,6,3,3,6,5,1,124,0
DOS_000314,4,1,212,2,0,1,4,12,1,5,5,7,3,7,19,0,212,1
DOS_000315,2,0,11,1,1,0,2,13,0,5,1,3,2,2,9,1,0,0
DOS_000316,1,0,76,2,1,0,4,5,0,6,3,7,7,4,1,0,0,0
DOS_000317,0,0,2,1,0,1,1,3,1,7,11,7,0,4,9,0,0,0
DOS_000318,0,0,31,3,1,0,2,12,0,3,5,14,4,3,18,0,0,0
DOS_000319,0,0,43,1,0,0,2,1,0,7,12,5,6,6,3,0,0,0
DOS_000320,1,1,52,1,0,0,4,10,0,0,12,7,5,4,86,0,52,0
DOS_000321,3,1,164,6,1,1,1,3,2,5,2,7,1,1,32,1,164,0
DOS_000322,2,1,66,1,0,1,1,6,0,5,1,7,6,1,4,0,66,0
DOS_000323,0,0,39,1,0,0,1,0,1,2,9,14,4,1,50,0,0,0
DOS_000324,5,1,99,2,0,0,4,13,0,8,5,7,2,1,78,1,99,0
DOS_000325,3,1,180,0,0,1,4,8,1,4,2,14,7,7,9,0,180,0
DOS_000326,2,1,1,1,1,1,5,2,1,0,10,3,2,7,4,0,1,0
DOS_000327,2,0,242,0,1,1,5,12,1,6,4,7,1,1,11,0,0,0
DOS_000328,1,1,5,0,0,0,1,12,0,9,3,7,4,1,53,0,5,0
DOS_000329,0,0,101,1,0,0,1,3,0,2,7,14,1,2,5,0,0,0
DOS_000330,1,0,19,3,1,0,1,11,0,9,1,3,1,1,45,0,0,0
DOS_000331,3,0,8,2,1,1,1,4,0,9,10,3,0,1,37,1,0,0
DOS_000332,0,1,34,0,0,0,3,11,0,3,12,7,7,2,31,0,34,0
DOS_000333,0,1,61,2,0,0,4,12,1,5,12,3,4,6,17,0,61,0
DOS_000334,0,0,28,1,1,0,1,2,0,7,4,7,0,3,13,0,0,0
DOS_000335,0,0,3,3,0,0,2,3,1,3,7,14,6,3,2,0,0,0
DOS_000336,4,0,54,2,0,1,4,4,0,8,11,14,0,3,13,0,0,0
DOS_000337,3,0,139,1,0,0,2,11,0,7,10,3,6,3,27,0,0,0
DOS_000338,1,0,28,0,0,1,1,0,0,9,5,3,5,6,68,0,0,0
DOS_000339,0,0,14,3,0,1,2,13,0,9,4,7,0,4,53,0,0,0
DOS_000340,1,1,35,3,0,0,1,8,0,5,4,7,3,3,0,0,35,0
DOS_000341,1,0,2,2,1,1,2,9,1,6,11,7,2,4,4,0,0,0
DOS_000342,0,0,103,2,0,1,1,12,0,7,12,7,2,2,56,0,0,0
DOS_000343,1,0,105,0,0,1,1,9,1,1,2,7,3,3,84,0,0,0
DOS_000344,1,1,53,0,0,0,5,12,1,4,8,3,6,2,1,0,53,0
DOS_000345,2,1,26,1,1,0,2,13,0,6,12,7,6,4,36,0,26,0
DOS_000346,2,1,96,1,0,0,2,3,1,7,4,2,7,6,13,0,96,0
DOS_000347,0,0,48,1,0,1,5,12,0,4,2,2,1,2,13,0,0,0
DOS_000348,1,1,104,1,0,1,1,8,0,2,9,7,4,6,30,0,104,0
DOS_000349,2,0,59,2,1,1,1,3,0,5,12,7,4,4,49,0,0,0
DOS_000350,1,1,92,1,0,0,3,13,0,4,10,7,4,1,9,0,92,0
DOS_000351,4,1,54,2,0,0,1,0,1,7,7,5,0,4,36,0,54,0
DOS_000352,2,1,32,0,0,0,3,11,1,8,3,2,4,1,30,0,32,0
DOS_000353,0,1,190,2,1,0,1,4,0,8,7,5,4,2,21,0,190,0
DOS_000354,0,1,46,1,0,1,1,12,0,5,1,7,6,1,27,0,46,0
DOS_000355,2,0,55,1,1,0,2,8,0,3,12,3,4,4,0,0,0,0
DOS_000356,0,1,14,3,1,0,1,2,1,3,1,7,2,6,0,0,14,0
DOS_000357,2,0,58,1,1,0,3,4,0,8,4,7,3,0,23,0,0,0
DOS_000358,5,0,50,2,0,0,2,2,0,3,4,7,5,5,22,0,0,0
DOS_000359,2,0,12,0,1,0,4,11,1,7,4,14,6,5,2,0,0,0
DOS_000360,1,0,3,1,0,0,3,2,0,8,9,14,1,4,20,0,0,0
DOS_000361,2,0,55,1,0,0,1,0,2,4,6,14,3,1,42,0,0,0
DOS_000362,1,0,86,1,1,0,3,1,0,5,3,7,4,4,23,0,0,0
DOS_000363,1,0,44,2,0,0,2,1,2,2,6,5,1,0,21,0,0,0
DOS_000364,5,1,15,1,0,1,2,8,0,4,2,7,1,4,37,0,15,0
DOS_000365,1,0,65,2,0,0,3,6,0,4,2,7,3,1,5,0,0,0
DOS_000366,5,0,5,2,0,1,2,7,1,1,7,3,3,6,18,1,0,0
DOS_000367,4,1,34,2,0,1,2,1,1,9,3,7,3,2,4,1,34,0
DOS_000368,0,0,10,1,1,0,2,8,1,5,7,7,6,6,22,0,0,0
DOS_000369,0,1,12,1,1,1,1,12,0,8,3,2,6,4,26,0,12,0
DOS_000370,0,1,13,0,1,0,1,2,2,6,12,7,5,1,3,0,13,0
DOS_000371,0,1,29,1,0,1,2,9,0,7,12,2,3,5,2,0,29,0
DOS_000372,0,1,3,0,1,1,1,12,0,1,2,2,5,2,5,0,3,0
DOS_000373,2,0,30,1,0,1,1,1,0,8,4,14,0,6,26,0,0,0
DOS_000374,0,1,43,2,0,0,1,11,1,2,4,7,7,3,6,0,43,0
DOS_000375,0,0,39,1,0,0,2,0,1,9,3,7,2,0,9,0,0,0
DOS_000376,4,0,28,0,0,0,1,8,0,4,9,5,7,1,36,0,0,0
DOS_000377,0,1,109,1,0,1,3,7,0,6,6,7,5,3,8,1,109,1
DOS_000378,3,0,9,2,0,1,1,12,0,3,5,3,2,1,15,0,0,0
DOS_000379,0,1,42,2,0,0,2,14,0,6,12,7,4,3,79,0,42,0
DOS_000380,0,1,3,0,0,0,1,11,0,7,12,7,0,3,52,0,3,0
DOS_000381,2,1,4,2,0,1,2,10,1,9,6,14,1,1,8,0,4,0
DOS_000382,2,1,51,2,1,0,1,3,1,9,11,3,3,1,27,0,51,1
DOS_000383,4,0,50,1,1,1,5,6,2,3,8,7,4,5,32,0,0,0
DOS_000384,3,0,126,0,0,1,4,11,0,4,5,7,1,2,69,0,0,0
DOS_000385,3,1,48,1,0,0,3,13,0,2,4,3,6,3,23,0,48,0
DOS_000386,0,0,192,2,1,1,4,2,0,4,7,2,2,3,24,1,0,0
DOS_000387,0,1,2,2,0,0,1,2,1,7,12,7,1,3,65,0,2,0
DOS_000388,3,1,6,3,1,0,2,3,0,2,5,7,7,6,1,0,6,0
DOS_000389,3,1,2,2,0,1,3,1,2,4,4,5,3,1,29,0,2,0
DOS_000390,5,0,12,1,1,1,2,13,1,9,5,3,3,2,16,0,0,0
DOS_000391,1,0,46,0,0,0,4,9,0,0,11,7,7,4,72,0,0,0
DOS_000392,1,0,62,2,0,0,3,3,0,1,4,5,5,2,96,0,0,1
DOS_000393,3,0,2,0,1,0,5,9,1,2,8,7,5,5,5,0,0,0
DOS_000394,0,1,175,2,0,0,1,2,1,0,8,5,6,2,9,0,175,0
DOS_000395,5,0,110,4,0,0,3,7,0,8,1,7,2,2,9,0,0,0
DOS_000396,4,0,21,2,0,0,2,10,0,8,12,7,3,5,3,0,0,0
DOS_000397,1,0,4,0,1,0,2,1,1,4,3,7,0,2,19,0,0,0
DOS_000398,3,1,11,2,0,0,1,10,1,3,11,7,4,3,21,0,11,0
DOS_000399,3,1,8,1,0,0,3,8,0,4,4,3,2,4,25,0,8,0
DOS_000400,0,0,7,1,0,1,4,2,0,3,2,5,2,6,32,0,0,0
DOS_000401,4,0,43,2,0,1,1,3,0,4,5,2,1,2,1,0,0,0
DOS_000402,1,0,16,3,1,0,2,12,2,6,11,7,2,5,29,0,0,0
DOS_000403,4,0,26,0,0,0,1,9,0,7,8,14,6,7,73,0,0,0
DOS_000404,0,1,273,4,0,0,5,13,1,1,12,7,7,4,18,0,273,0
DOS_000405,4,1,69,1,0,0,2,14,0,3,2,3,4,4,3,0,69,0
DOS_000406,1,0,178,0,0,0,1,9,0,7,9,5,0,8,2,0,0,0
DOS_000407,0,0,9,0,0,1,1,14,0,6,7,2,1,4,9,0,0,0
DOS_000408,4,1,28,2,0,1,2,14,0,8,6,3,4,2,41,0,28,0
DOS_000409,0,0,48,0,0,1,1,2,1,4,8,7,7,3,9,0,0,0
DOS_000410,0,1,4,4,1,0,2,2,1,5,2,5,7,2,50,0,4,0
DOS_000411,5,0,0,1,0,1,4,7,0,7,5,3,5,3,51,0,0,0
DOS_000412,5,0,66,0,1,1,4,7,0,4,4,3,2,3,18,0,0,0
DOS_000413,2,0,61,3,0,0,1,12,1,8,8,7,6,2,10,0,0,0
DOS_000414,2,0,31,1,0,0,5,12,0,3,1,7,3,2,27,0,0,0
DOS_000415,1,1,40,1,0,0,2,5,0,7,12,7,5,0,49,0,40,0
DOS_000416,0,0,32,1,0,0,1,3,0,2,3,3,3,3,2,0,0,0
DOS_000417,0,0,1,1,1,1,1,0,2,4,10,7,4,1,91,1,0,0
DOS_000418,2,0,24,2,1,0,1,3,0,7,8,7,0,5,31,0,0,0
DOS_000419,3,0,11,0,1,0,3,7,1,9,5,5,3,4,15,0,0,0
DOS_000420,3,0,6,2,0,0,1,5,0,6,4,5,6,3,21,0,0,0
DOS_000421,3,0,188,4,0,0,1,1,0,0,6,5,4,3,14,0,0,0
DOS_000422,0,1,54,0,0,1,3,2,0,3,12,7,1,3,15,0,54,0
DOS_000423,1,0,78,2,1,0,2,11,0,1,5,2,2,3,27,0,0,0
DOS_000424,0,0,22,1,0,1,3,6,1,1,3,7,0,2,1,0,0,0
DOS_000425,1,1,29,2,0,0,3,10,1,6,11,3,7,4,5,0,29,0
DOS_000426,1,0,16,1,0,0,1,10,0,2,5,7,6,0,7,0,0,0
DOS_000427,4,1,6,2,0,0,4,3,1,2,4,5,6,0,15,0,6,0
DOS_000428,1,0,11,2,1,1,1,3,0,5,1,7,0,1,13,0,0,0
DOS_000429,0,1,95,0,0,0,2,14,0,5,1,14,1,3,38,0,95,0
DOS_000430,0,1,67,3,0,0,2,14,1,0,7,14,0,2,8,0,67,0
DOS_000431,3,1,47,0,0,0,1,4,1,0,4,2,4,3,1,0,47,0
DOS_000432,2,1,38,3,1,0,5,7,1,5,1,5,0,3,1,0,38,0
DOS_000433,0,0,153,2,0,1,2,13,0,6,6,7,0,5,0,0,0,0
DOS_000434,0,1,4,1,1,0,1,13,0,8,11,5,0,6,1,0,4,0
DOS_000435,3,0,19,5,0,0,4,6,0,3,12,7,7,6,58,0,0,0
DOS_000436,0,0,25,0,1,0,2,8,1,9,11,14,4,2,35,0,0,0
DOS_000437,4,0,91,1,1,1,2,14,1,5,12,7,5,3,165,0,0,0
DOS_000438,3,0,293,1,0,0,2,4,0,2,11,3,2,4,0,0,0,0
DOS_000439,0,0,16,0,0,1,3,0,1,3,11,7,3,4,56,0,0,0
DOS_000440,0,1,124,1,0,1,1,3,0,8,1,14,5,6,35,0,124,0
DOS_000441,5,0,106,1,0,0,1,5,1,0,8,7,0,2,30,0,0,0
DOS_000442,1,1,15,1,1,0,2,5,0,4,12,5,1,0,13,0,15,0
DOS_000443,1,1,30,2,0,0,1,8,0,6,9,14,6,2,14,1,30,0
DOS_000444,3,0,31,2,0,1,3,9,0,2,11,14,1,2,56,0,0,0
DOS_000445,5,0,229,1,0,0,1,12,0,1,3,14,4,3,37,0,0,0
DOS_000446,5,0,11,1,0,0,1,4,1,1,7,5,2,5,33,0,0,0
DOS_000447,3,0,96,2,1,1,1,4,1,0,5,7,0,4,0,0,0,0
DOS_000448,1,0,24,0,0,0,3,5,1,4,3,7,4,8,6,0,0,0
DOS_000449,0,0,78,0,1,0,3,10,1,2,5,3,3,3,98,0,0,0
DOS_000450,3,0,32,2,1,0,1,5,0,6,10,7,2,1,18,0,0,0
DOS_000451,2,1,51,1,0,0,2,2,2,0,7,7,2,1,45,0,51,0
DOS_000452,1,1,107,1,0,0,1,5,2,8,7,14,4,1,14,1,107,0
DOS_000453,4,0,97,1,1,0,2,7,0,1,9,14,5,6,43,0,0,0
DOS_000454,0,1,120,0,0,1,1,11,0,7,8,3,6,1,3,0,120,1
DOS_000455,1,0,3,0,0,0,2,5,1,9,4,7,1,5,1,0,0,0
DOS_000456,0,0,70,2,0,1,2,11,0,3,5,7,5,2,18,0,0,0
DOS_000457,1,1,9,0,0,1,4,10,1,5,5,14,2,6,26,0,9,0
DOS_000458,0,0,32,0,1,0,1,4,0,8,10,2,1,1,11,0,0,0
DOS_000459,0,0,47,1,0,1,3,2,0,6,12,7,2,3,37,1,0,1
DOS_000460,0,1,30,3,0,0,2,0,0,7,2,7,7,8,20,0,30,0
DOS_000461,2,1,43,0,1,1,4,4,0,6,12,14,6,2,79,0,43,0
DOS_000462,3,1,339,3,1,1,1,5,0,1,7,7,2,3,2,0,339,0
DOS_000463,2,1,8,3,0,0,1,13,0,8,7,7,2,2,2,0,8,0
DOS_000464,5,1,67,2,1,0,4,5,0,0,9,14,3,3,70,0,67,0
DOS_000465,1,0,30,1,0,0,1,13,1,1,9,7,1,5,33,0,0,0
DOS_000466,0,0,8,1,1,0,1,5,0,2,4,2,3,3,33,0,0,0
DOS_000467,4,0,10,2,0,0,1,2,1,2,5,3,1,2,0,0,0,0
DOS_000468,0,0,178,1,0,0,3,14,0,9,7,7,6,6,83,0,0,0
DOS_000469,5,0,127,3,1,1,1,3,1,3,10,5,6,1,44,0,0,0
DOS_000470,0,0,142,1,0,0,4,14,2,4,7,7,7,3,43,0,0,0
DOS_000471,5,1,286,1,1,1,2,2,0,5,11,7,3,1,72,0,286,1
DOS_000472,0,1,14,1,0,1,1,1,2,0,10,14,3,5,25,0,14,0
DOS_000473,4,1,26,3,1,0,1,7,0,7,11,7,3,3,15,1,26,0
DOS_000474,1,0,66,2,1,1,1,6,0,5,8,7,6,2,19,0,0,1
DOS_000475,5,1,39,0,0,0,2,10,1,9,8,2,6,4,45,0,39,0
DOS_000476,0,0,32,3,1,0,2,7,0,8,2,7,4,7,43,0,0,0
DOS_000477,2,1,26,2,0,1,2,12,0,4,12,3,3,2,28,0,26,0
DOS_000478,5,0,54,2,1,0,1,5,1,6,9,7,7,0,7,0,0,0
DOS_000479,1,1,51,3,0,0,2,10,1,3,11,7,5,2,51,0,51,0
DOS_000480,2,0,10,2,1,1,3,14,1,5,4,3,5,2,31,0,0,0
DOS_000481,2,1,38,1,0,1,3,11,0,5,1,5,2,4,7,0,38,0
DOS_000482,1,1,48,3,0,1,3,14,2,3,1,7,0,1,19,0,48,0
DOS_000483,2,0,50,3,0,1,1,13,1,5,5,7,3,3,176,0,0,0
DOS_000484,2,0,14,1,0,0,4,6,2,7,7,7,0,2,11,1,0,0
DOS_000485,4,1,81,3,1,0,1,0,0,4,5,14,0,5,3,0,81,0
DOS_000486,0,0,1,2,0,1,1,9,1,1,3,14,2,4,0,0,0,0
DOS_000487,0,1,26,2,1,0,3,4,1,8,11,5,0,4,6,1,26,0
DOS_000488,5,1,90,2,0,0,4,3,0,3,7,5,7,0,6,0,90,0
DOS_000489,4,0,49,2,0,0,2,9,2,3,1,7,6,6,58,0,0,0
DOS_000490,1,0,18,4,0,1,1,2,0,6,11,7,0,1,5,0,0,0
DOS_000491,2,0,71,1,1,0,1,1,0,9,1,7,6,5,59,0,0,0
DOS_000492,0,1,50,1,1,1,2,13,2,9,12,7,6,8,2,0,50,0
DOS_000493,0,0,95,1,0,0,4,13,2,5,2,2,5,4,71,1,0,0
DOS_000494,1,0,79,2,0,0,1,8,0,3,1,14,6,8,8,0,0,0
DOS_000495,1,0,56,0,0,0,3,7,0,5,9,7,0,4,28,0,0,0
DOS_000496,2,1,40,1,1,0,1,9,1,2,4,5,1,2,5,0,40,0
DOS_000497,0,1,8,0,0,1,3,14,2,6,7,5,7,8,14,0,8,0
DOS_000498,5,1,18,4,1,0,4,1,1,5,5,3,3,4,2,0,18,0
DOS_000499,5,0,32,2,0,0,1,5,1,2,7,7,7,1,25,0,0,0
DOS_000500,2,1,54,4,1,0,1,2,1,0,7,7,7,4,12,1,54,0
DOS_000501,1,1,43,2,1,0,3,2,0,9,1,7,3,3,57,1,43,0
DOS_000502,0,1,20,1,0,0,2,4,2,4,1,3,0,2,6,0,20,0
DOS_000503,3,1,0,1,0,0,2,6,0,9,11,5,2,6,9,0,0,0
DOS_000504,2,0,41,3,0,1,2,6,1,1,3,7,1,1,5,0,0,0
DOS_000505,0,0,20,3,0,1,1,10,0,6,10,5,2,3,24,0,0,1
DOS_000506,4,1,79,1,1,0,3,9,0,6,2,5,2,7,3,0,79,0
DOS_000507,4,0,1,0,0,0,1,0,1,3,7,3,0,3,6,0,0,0
DOS_000508,5,1,52,2,1,0,4,10,2,5,3,5,4,5,34,0,52,0
DOS_000509,3,1,170,3,0,0,1,6,1,0,7,7,0,3,2,0,170,0
DOS_000510,2,0,11,2,0,1,3,6,1,1,9,14,5,2,40,0,0,0
DOS_000511,1,1,38,0,0,1,1,5,0,5,12,5,4,1,3,0,38,0
DOS_000512,5,0,5,0,0,0,1,5,1,1,11,7,6,3,26,0,0,0
DOS_000513,4,0,58,2,0,1,1,12,0,3,1,3,1,1,183,0,0,0
DOS_000514,0,1,47,0,0,0,3,12,0,3,3,7,4,4,5,0,47,0
DOS_000515,0,1,31,1,0,0,2,1,0,9,11,14,0,4,9,0,31,0
DOS_000516,1,0,44,1,0,0,4,2,1,8,6,2,0,6,68,0,0,0
DOS_000517,3,0,136,0,0,0,1,2,2,9,9,5,2,5,29,0,0,0
DOS_000518,5,1,13,1,0,1,2,12,1,6,5,3,0,3,20,0,13,0
DOS_000519,0,1,1,1,0,0,3,2,0,6,3,7,6,1,24,0,1,0
DOS_000520,2,1,118,2,1,0,1,1,0,0,8,7,5,3,10,0,118,0
DOS_000521,1,0,51,2,0,1,1,8,0,4,12,2,0,0,57,0,0,0
DOS_000522,5,0,132,0,1,1,2,5,0,2,5,2,3,2,41,0,0,0
DOS_000523,4,0,54,3,0,1,1,1,0,2,6,14,3,4,30,0,0,0
DOS_000524,4,1,99,0,1,1,1,2,1,5,2,7,2,4,80,0,99,0
DOS_000525,1,0,33,1,0,0,2,9,2,3,4,7,4,4,25,0,0,0
DOS_000526,1,0,83,2,1,1,1,5,0,7,1,14,4,4,21,0,0,0
DOS_000527,0,1,146,3,0,1,3,3,0,3,4,5,3,1,111,0,146,0
DOS_000528,0,0,50,0,1,1,4,6,1,7,1,14,5,3,6,0,0,0
DOS_000529,4,1,11,1,0,1,2,5,1,3,4,14,1,1,4,0,11,0
DOS_000530,3,1,18,1,0,0,2,14,1,2,2,3,6,2,5,0,18,0
DOS_000531,5,1,13,1,1,1,1,5,0,4,6,7,7,3,136,1,13,0
DOS_000532,5,0,17,1,0,0,4,11,0,4,6,7,6,4,31,0,0,0
DOS_000533,2,0,21,1,0,0,1,2,2,9,8,14,6,3,10,0,0,0
DOS_000534,3,1,48,1,0,0,2,10,0,9,9,5,5,4,8,0,48,0
DOS_000535,5,1,53,3,0,1,5,7,1,0,8,7,3,3,1,0,53,0
DOS_000536,4,1,33,0,1,0,2,8,0,7,1,14,6,7,4,1,33,0
DOS_000537,0,0,57,2,0,0,3,5,0,7,3,7,5,0,71,0,0,0
DOS_000538,1,1,5,1,1,0,1,1,1,7,6,14,1,3,41,0,5,0
DOS_000539,0,1,5,1,0,1,1,0,0,9,1,7,4,2,85,0,5,0
DOS_000540,5,1,11,3,0,0,3,2,1,3,8,14,3,1,16,0,11,0
DOS_000541,2,1,43,2,1,1,1,2,0,8,6,3,7,4,27,0,43,0
DOS_000542,0,1,14,0,1,1,3,7,2,9,1,7,0,3,19,0,14,0
DOS_000543,2,1,19,0,1,0,1,4,0,2,10,7,6,8,63,0,19,0
DOS_000544,2,0,30,0,0,0,4,0,0,6,2,5,1,5,142,0,0,0
DOS_000545,1,0,100,1,0,1,1,10,0,5,6,2,1,1,80,0,0,0
DOS_000546,0,0,0,1,0,1,2,3,1,8,10,7,1,3,27,0,0,0
DOS_000547,2,0,62,3,0,1,2,6,1,3,8,2,4,4,1,0,0,0
DOS_000548,1,0,66,1,0,0,2,4,0,3,5,5,5,4,28,0,0,0
DOS_000549,3,0,96,1,1,1,1,9,1,5,1,5,2,5,3,0,0,0
DOS_000550,1,0,161,2,1,0,2,14,1,7,10,14,6,3,4,0,0,0
DOS_000551,4,0,1,2,0,0,1,12,1,2,2,5,0,4,6,0,0,0
DOS_000552,2,1,10,1,0,1,1,5,1,7,4,7,6,1,13,0,10,0
DOS_000553,2,1,130,3,1,0,1,13,1,7,4,2,3,0,26,0,130,0
DOS_000554,4,0,36,0,0,1,2,9,1,6,7,7,7,3,12,0,0,0
DOS_000555,1,1,49,2,0,0,1,3,0,6,2,7,5,0,18,1,49,0
DOS_000556,0,0,65,3,0,1,5,1,0,4,7,7,1,4,1,0,0,0
DOS_000557,0,0,68,3,0,0,2,8,2,1,7,7,7,2,29,0,0,0
DOS_000558,3,0,161,2,1,0,1,14,0,1,7,7,6,4,32,0,0,0
DOS_000559,2,0,347,2,0,1,2,1,0,9,3,7,4,5,3,0,0,0
DOS_000560,3,1,76,3,0,0,4,1,2,7,6,5,1,5,46,0,76,0
DOS_000561,0,1,20,1,0,0,1,12,0,5,12,7,5,3,31,0,20,0
DOS_000562,0,0,127,0,1,1,2,11,1,7,6,7,3,5,20,0,0,0
DOS_000563,0,0,3,1,1,0,2,1,1,2,4,2,7,4,24,0,0,0
DOS_000564,1,0,15,1,0,1,1,0,2,0,1,14,0,3,20,1,0,0
DOS_000565,2,0,136,1,0,0,3,12,0,5,9,14,1,1,1,0,0,0
DOS_000566,1,0,17,3,0,0,1,11,0,1,2,5,6,0,39,0,0,0
DOS_000567,1,0,14,0,0,1,1,11,2,8,9,14,6,4,21,0,0,0
DOS_000568,4,1,8,2,1,1,3,2,0,4,8,7,7,5,5,0,8,1
DOS_000569,0,1,117,1,0,0,2,5,0,4,1,5,4,7,34,1,117,0
DOS_000570,1,0,41,2,0,0,4,6,1,9,11,5,7,4,35,0,0,0
DOS_000571,3,1,67,0,1,1,2,0,0,7,7,14,4,5,7,0,67,0
DOS_000572,1,0,16,0,0,0,3,13,2,5,10,7,2,2,47,0,0,0
DOS_000573,2,0,85,2,1,0,3,4,1,2,3,5,4,0,18,0,0,0
DOS_000574,4,0,85,0,0,0,1,4,0,8,10,7,2,7,5,1,0,0
DOS_000575,5,1,22,2,0,0,3,0,0,9,10,7,0,3,32,0,22,0
DOS_000576,0,1,31,1,1,0,2,3,0,3,9,7,3,5,27,0,31,0
DOS_000577,5,1,14,2,0,0,1,9,0,9,5,7,2,4,5,0,14,0
DOS_000578,1,0,225,2,1,0,2,0,1,3,11,7,1,1,61,0,0,1
DOS_000579,0,1,62,1,0,0,1,12,0,1,3,7,5,2,57,0,62,0
DOS_000580,1,0,163,2,0,0,3,13,0,2,8,14,6,4,54,0,0,0
DOS_000581,5,1,21,0,1,1,2,14,2,3,12,14,1,3,15,1,21,0
DOS_000582,1,0,91,0,0,0,5,0,1,6,3,7,6,3,52,0,0,0
DOS_000583,0,0,87,1,1,1,1,11,0,2,7,14,3,3,55,0,0,0
DOS_000584,2,1,70,2,0,1,2,14,2,7,7,14,7,0,169,0,70,0
DOS_000585,0,1,202,1,0,0,1,6,0,7,7,5,4,2,94,0,202,0
DOS_000586,0,0,30,0,0,1,2,6,2,9,12,14,5,4,14,0,0,0
DOS_000587,0,1,8,1,0,0,3,2,1,1,1,2,1,2,6,1,8,0
DOS_000588,0,0,66,1,0,1,3,6,1,3,11,5,5,2,10,0,0,0
DOS_000589,0,1,78,1,0,1,3,2,1,7,5,7,2,2,20,0,78,0
DOS_000590,0,1,51,0,0,0,4,1,0,0,12,7,3,3,49,0,51,1
DOS_000591,2,1,13,0,0,1,1,9,1,0,11,7,1,4,38,0,13,0
DOS_000592,0,1,42,1,1,0,1,14,1,3,1,7,4,1,46,0,42,0
DOS_000593,0,0,22,1,0,0,2,3,0,1,7,3,5,2,14,1,0,0
DOS_000594,4,0,33,0,1,1,2,13,0,0,8,14,4,6,8,0,0,0
DOS_000595,1,1,62,1,0,0,1,9,1,7,7,5,5,1,0,0,62,0
DOS_000596,2,0,82,0,0,0,2,2,0,1,1,14,1,0,29,0,0,0
DOS_000597,0,0,15,1,1,0,1,11,1,3,3,5,3,6,47,0,0,0
DOS_000598,0,0,31,2,0,1,1,6,1,2,10,7,0,3,65,0,0,0
DOS_000599,0,0,18,1,0,0,3,11,1,1,3,7,1,2,19,0,0,0
DOS_000600,0,1,13,2,0,1,1,11,0,7,7,7,4,4,78,0,13,1
DOS_000601,0,0,91,4,0,0,1,0,0,2,4,3,0,3,6,0,0,0
DOS_000602,0,1,143,1,0,0,1,5,0,8,12,5,7,1,21,0,143,0
DOS_000603,0,0,27,1,1,1,4,14,1,9,3,2,3,0,7,0,0,0
DOS_000604,0,0,83,2,0,0,5,13,1,4,6,7,4,4,6,0,0,0
DOS_000605,1,0,136,2,1,1,2,1,1,8,12,14,3,4,91,0,0,0
DOS_000606,0,0,112,1,1,0,1,7,1,2,10,2,5,3,51,1,0,0
DOS_000607,1,0,12,1,0,0,4,13,1,4,6,7,1,3,0,1,0,0
DOS_000608,1,1,187,2,0,0,2,4,0,9,10,7,3,4,9,0,187,0
DOS_000609,2,0,28,2,1,1,3,2,1,5,5,3,4,4,6,0,0,0
DOS_000610,0,1,24,2,1,0,3,9,0,8,12,5,1,3,4,0,24,0
DOS_000611,3,0,3,0,0,1,1,6,0,7,6,3,6,3,35,0,0,0
DOS_000612,2,0,39,1,0,0,2,13,0,1,3,5,4,1,25,0,0,0
DOS_000613,0,1,6,2,0,0,1,10,0,1,10,3,4,2,18,0,6,0
DOS_000614,4,0,17,3,0,0,1,14,0,4,5,5,6,1,6,0,0,1
DOS_000615,5,0,22,1,0,1,3,14,0,4,9,5,6,5,9,0,0,0
DOS_000616,0,0,99,2,1,1,4,1,0,4,4,7,0,3,13,1,0,0
DOS_000617,0,0,125,0,0,1,3,4,2,3,11,7,2,0,46,0,0,0
DOS_000618,3,1,21,1,1,0,2,10,0,7,2,7,3,2,135,0,21,0
DOS_000619,3,0,117,3,0,0,1,7,1,4,5,7,3,3,6,0,0,0
DOS_000620,0,1,116,0,0,0,1,12,0,0,3,5,0,3,12,1,116,0
DOS_000621,0,1,86,2,0,1,1,10,0,9,12,5,7,7,9,1,86,1
DOS_000622,1,0,9,1,1,0,2,0,0,4,3,5,5,1,1,0,0,0
DOS_000623,1,1,70,3,1,0,2,14,0,0,4,7,7,2,7,0,70,0
DOS_000624,2,0,174,0,1,0,1,0,1,3,12,14,3,5,69,0,0,0
DOS_000625,1,1,68,2,0,0,5,2,0,0,4,5,6,4,55,0,68,1
DOS_000626,1,0,24,1,0,0,1,2,0,5,5,7,7,2,5,0,0,0
DOS_000627,3,1,41,0,0,1,3,12,0,5,7,7,0,8,13,0,41,0
DOS_000628,0,0,62,1,0,0,2,6,1,0,4,7,3,0,11,0,0,0
DOS_000629,0,0,42,2,1,1,1,5,1,7,11,5,3,4,4,0,0,0
DOS_000630,3,1,7,2,0,1,3,6,0,3,7,5,4,1,29,0,7,0
DOS_000631,4,1,22,1,1,0,3,3,0,1,9,14,0,1,24,0,22,0
DOS_000632,1,0,97,0,0,0,2,10,0,0,3,2,6,2,16,0,0,0
DOS_000633,1,0,118,0,1,0,2,1,0,2,5,7,5,2,58,0,0,0
DOS_000634,0,1,8,1,1,1,1,1,0,6,4,14,3,2,29,0,8,0
DOS_000635,1,1,182,3,0,0,2,9,1,9,9,14,5,5,9,0,182,0
DOS_000636,1,1,23,1,1,0,4,0,1,9,5,2,2,2,14,0,23,0
DOS_000637,0,1,65,0,0,0,1,13,1,7,10,5,0,1,4,0,65,0
DOS_000638,0,1,83,0,0,0,1,12,1,4,2,5,0,6,26,0,83,0
DOS_000639,1,1,100,2,1,0,4,13,0,6,10,7,0,0,26,0,100,1
DOS_000640,0,0,174,0,1,0,1,8,0,1,1,7,6,4,61,0,0,1
DOS_000641,0,0,22,1,0,1,2,13,0,3,7,14,7,2,58,0,0,0
DOS_000642,0,1,117,4,0,1,2,13,1,5,11,7,6,1,54,1,117,0
DOS_000643,0,1,8,2,1,0,2,6,0,4,1,7,4,3,23,1,8,0
DOS_000644,0,0,73,0,1,0,1,9,2,5,8,5,7,5,31,1,0,0
DOS_000645,4,0,81,2,0,1,1,2,0,1,9,3,0,5,44,0,0,0
DOS_000646,2,1,67,2,1,0,1,1,0,6,7,5,4,3,2,0,67,0
DOS_000647,2,0,17,4,0,1,3,13,1,7,9,3,6,5,10,0,0,0
DOS_000648,3,0,123,1,0,0,3,2,0,8,10,7,2,1,5,0,0,0
DOS_000649,1,0,11,1,0,1,2,6,0,5,6,7,1,2,21,0,0,0
DOS_000650,0,0,3,0,0,0,2,4,0,6,7,5,4,5,54,0,0,0
DOS_000651,1,0,75,1,1,0,1,11,0,0,3,7,3,0,7,0,0,0
DOS_000652,2,0,38,0,0,1,1,2,1,8,9,3,0,2,39,0,0,0
DOS_000653,3,0,113,4,1,0,3,8,1,5,3,3,7,5,15,0,0,0
DOS_000654,1,1,29,1,0,0,2,1,0,3,6,14,1,3,70,0,29,1
DOS_000655,0,0,11,0,1,0,1,6,0,9,4,14,4,8,29,0,0,0
DOS_000656,0,1,108,2,1,1,1,14,0,8,9,2,7,5,112,0,108,0
DOS_000657,1,1,47,2,1,0,1,9,1,0,1,7,7,1,8,1,47,0
DOS_000658,2,0,12,0,0,1,1,5,0,1,9,7,5,2,77,0,0,0
DOS_000659,2,1,76,3,0,0,3,5,0,2,12,5,6,2,13,0,76,0
DOS_000660,1,0,42,1,1,0,4,13,0,0,4,7,5,1,29,0,0,0
DOS_000661,5,1,55,0,1,1,4,6,0,1,10,5,3,1,5,0,55,0
DOS_000662,2,0,37,2,0,0,4,5,1,1,5,2,1,5,42,0,0,0
DOS_000663,0,1,105,0,1,0,4,1,1,6,11,3,2,3,114,1,105,0
DOS_000664,0,1,106,2,0,0,2,10,0,9,1,3,4,3,46,0,106,0
DOS_000665,0,0,74,1,0,0,1,4,1,5,1,2,5,1,28,0,0,0
DOS_000666,0,0,6,1,1,1,3,2,0,8,6,5,5,0,17,0,0,0
DOS_000667,0,1,109,0,0,0,1,8,0,4,10,7,4,4,12,0,109,0
DOS_000668,0,1,66,1,1,0,1,7,0,8,1,7,5,2,16,0,66,0
DOS_000669,0,0,71,2,0,0,1,9,0,9,2,5,2,1,11,0,0,0
DOS_000670,0,1,27,1,0,0,2,10,1,8,3,3,7,4,53,0,27,0
DOS_000671,4,0,126,4,0,0,1,1,2,1,7,3,5,3,67,0,0,0
DOS_000672,0,1,77,0,0,1,1,14,0,8,2,14,4,2,89,0,77,0
DOS_000673,1,0,7,3,1,1,2,0,0,2,5,3,0,2,16,0,0,0
DOS_000674,1,1,31,3,0,0,4,14,0,2,9,14,5,3,23,0,31,0
DOS_000675,5,0,130,1,0,0,2,3,1,8,12,5,4,5,25,0,0,0
DOS_000676,0,0,2,2,0,1,4,3,1,6,12,14,7,6,31,0,0,0
DOS_000677,1,0,195,1,0,0,1,11,0,7,10,5,7,3,0,0,0,1
DOS_000678,5,0,68,0,1,0,1,9,1,6,8,3,0,2,55,0,0,0
DOS_000679,4,0,59,0,0,1,2,10,1,8,12,7,5,2,9,0,0,1
DOS_000680,3,0,18,1,0,0,2,1,0,7,8,7,5,4,19,0,0,0
DOS_000681,0,1,17,1,1,0,2,6,0,3,11,7,4,0,55,0,17,0
DOS_000682,0,0,170,0,1,1,3,12,1,1,2,5,3,4,172,0,0,0
DOS_000683,2,0,21,2,1,1,3,14,0,4,1,2,3,1,47,0,0,0
DOS_000684,5,0,89,1,0,0,4,2,0,1,9,7,1,4,0,0,0,0
DOS_000685,2,0,29,0,0,0,1,6,0,3,10,14,3,3,13,0,0,0
DOS_000686,2,0,8,0,1,0,1,6,0,1,12,14,2,1,8,0,0,0
DOS_000687,0,0,0,0,1,1,2,0,1,4,4,7,7,4,99,0,0,0
DOS_000688,3,0,47,4,0,0,1,5,0,5,9,2,1,2,9,0,0,1
DOS_000689,0,0,223,2,1,0,1,3,0,0,11,3,7,3,86,0,0,0
DOS_000690,0,0,27,3,0,1,1,10,0,7,12,7,3,5,83,0,0,0
DOS_000691,1,1,26,1,0,0,1,7,1,1,11,7,0,3,54,0,26,0
DOS_000692,1,0,25,2,1,0,1,7,0,4,7,14,6,2,3,0,0,1
DOS_000693,0,0,44,3,1,0,1,2,1,7,12,7,4,5,0,0,0,0
DOS_000694,0,1,34,3,0,0,2,3,0,4,6,14,7,4,47,0,34,0
DOS_000695,2,0,127,0,1,0,2,14,1,2,10,7,3,3,55,0,0,0
DOS_000696,0,1,42,0,0,1,3,0,1,5,9,7,0,3,98,0,42,0
DOS_000697,2,0,42,3,0,1,2,9,1,0,10,7,6,4,7,0,0,0
DOS_000698,0,1,8,0,1,0,1,1,0,0,4,3,1,1,39,0,8,0
DOS_000699,1,1,243,2,1,0,1,6,1,7,1,7,4,3,21,0,243,0
DOS_000700,1,0,17,2,0,0,1,14,0,6,5,14,7,2,11,0,0,0
DOS_000701,0,1,4,2,0,0,3,13,1,9,6,3,3,3,27,0,4,0
DOS_000702,0,0,65,3,0,0,3,10,0,9,6,7,1,5,23,0,0,0
DOS_000703,0,0,54,1,1,1,1,11,1,2,12,5,7,2,10,0,0,0
DOS_000704,0,1,32,3,0,0,1,14,0,7,1,7,3,4,9,0,32,0
DOS_000705,5,1,32,0,1,0,5,6,1,7,7,7,1,2,19,0,32,0
DOS_000706,0,0,92,0,1,0,2,12,1,0,8,14,7,1,19,0,0,0
DOS_000707,3,0,13,3,1,0,3,8,0,9,12,7,3,3,10,0,0,0
DOS_000708,0,0,102,0,0,0,1,9,2,6,5,5,6,4,9,0,0,0
DOS_000709,2,0,62,1,1,0,1,8,0,1,2,2,0,4,92,0,0,0
DOS_000710,3,1,32,1,0,0,3,8,2,1,2,7,2,1,59,0,32,0
DOS_000711,2,0,36,1,0,1,2,5,1,1,11,5,6,3,50,0,0,0
DOS_000712,1,0,17,3,0,0,2,7,2,4,5,7,7,5,7,0,0,0
DOS_000713,1,0,83,1,0,0,2,8,0,6,7,3,0,2,6,0,0,0
DOS_000714,0,0,43,2,1,0,2,11,0,3,7,14,4,2,49,0,0,0
DOS_000715,5,0,23,0,0,1,3,13,1,3,4,5,3,4,6,0,0,0
DOS_000716,4,1,54,2,0,0,1,6,2,8,11,14,2,4,21,0,54,0
DOS_000717,5,1,327,1,1,0,1,3,0,9,3,7,6,5,7,0,327,0
DOS_000718,0,1,34,0,0,0,4,13,0,8,9,3,2,4,14,0,34,0
DOS_000719,3,0,152,1,1,1,1,3,0,6,12,7,4,2,57,0,0,0
DOS_000720,5,1,25,2,0,0,2,5,1,9,7,14,7,1,66,0,25,0
DOS_000721,0,1,3,1,0,0,3,13,1,3,2,7,4,2,171,0,3,0
DOS_000722,0,1,13,1,1,0,5,10,0,7,1,5,2,4,86,0,13,0
DOS_000723,3,0,32,1,0,0,1,3,0,9,11,14,4,0,33,1,0,0
DOS_000724,2,0,14,2,0,0,1,10,1,2,2,5,4,9,16,0,0,0
DOS_000725,4,0,0,2,0,0,3,6,0,2,12,5,7,1,1,0,0,0
DOS_000726,0,0,147,0,0,1,3,7,1,6,3,7,3,5,28,0,0,0
DOS_000727,3,0,111,1,0,1,3,7,0,8,5,3,0,3,7,0,0,0
DOS_000728,0,0,81,1,0,0,2,13,1,3,3,7,5,2,56,0,0,0
DOS_000729,0,0,11,1,0,0,1,7,1,3,10,7,7,3,23,1,0,0
DOS_000730,0,1,7,2,1,0,2,1,0,0,9,7,1,3,39,0,7,0
DOS_000731,3,0,4,1,0,0,4,13,0,0,10,3,7,3,33,0,0,0
DOS_000732,2,0,77,2,0,1,4,9,1,2,4,7,2,3,12,0,0,0
DOS_000733,1,1,158,1,0,1,1,1,0,6,7,7,1,4,42,0,158,0
DOS_000734,1,1,33,1,1,0,1,1,1,8,4,7,2,1,55,0,33,0
DOS_000735,4,1,7,3,1,0,2,1,0,3,3,7,2,5,40,0,7,0
DOS_000736,1,1,43,1,1,0,5,3,1,1,10,3,0,2,44,0,43,0
DOS_000737,3,0,25,0,1,1,2,4,0,5,1,7,6,6,13,0,0,0
DOS_000738,1,1,28,3,0,1,1,3,0,5,12,7,6,2,86,1,28,0
DOS_000739,1,0,58,1,0,1,1,14,0,8,9,7,2,7,16,0,0,0
DOS_000740,1,0,76,1,0,1,2,4,2,3,11,7,2,2,68,0,0,0
DOS_000741,0,0,7,2,0,0,1,3,2,7,1,5,0,1,58,0,0,0
DOS_000742,3,0,2,1,0,1,3,6,0,2,11,5,4,2,3,0,0,0
DOS_000743,1,0,310,2,0,1,3,9,0,1,1,7,6,3,101,0,0,0
DOS_000744,0,1,15,2,1,0,2,0,0,8,1,7,5,4,168,0,15,1
DOS_000745,4,1,3,0,1,0,1,13,0,5,5,5,7,1,27,0,3,0
DOS_000746,1,1,12,1,0,1,4,12,1,7,7,7,1,0,45,0,12,0
DOS_000747,1,0,2,1,1,0,1,0,0,9,7,7,2,4,81,0,0,0
DOS_000748,4,1,29,0,0,1,1,1,1,8,10,2,0,3,0,0,29,0
DOS_000749,2,1,97,0,0,1,4,12,1,0,1,14,2,2,79,0,97,0
DOS_000750,0,0,25,2,0,1,3,0,1,0,6,2,6,1,29,0,0,0
DOS_000751,5,1,35,0,0,1,3,11,1,4,9,7,0,3,52,0,35,0
DOS_000752,2,0,67,2,0,0,1,14,0,8,6,7,1,7,23,0,0,0
DOS_000753,0,0,42,0,1,1,1,9,0,6,4,3,3,1,22,0,0,0
DOS_000754,0,1,118,0,0,0,1,11,1,6,10,14,6,4,68,0,118,0
DOS_000755,3,0,120,0,0,0,1,11,0,1,9,7,4,3,21,0,0,0
DOS_000756,2,0,0,0,0,0,3,9,0,2,3,3,7,6,19,0,0,0
DOS_000757,1,1,90,1,0,0,1,12,2,3,10,7,7,6,28,0,90,0
DOS_000758,4,1,37,1,1,0,3,13,1,1,4,7,3,2,21,0,37,0
DOS_000759,3,0,269,3,0,1,1,10,0,9,4,14,0,1,17,0,0,0
DOS_000760,0,0,39,1,1,0,1,2,1,8,4,5,2,2,5,0,0,0
DOS_000761,0,0,260,4,1,0,5,5,0,4,6,5,4,0,15,0,0,0
DOS_000762,0,1,84,1,0,0,1,9,2,6,11,2,6,3,9,0,84,0
DOS_000763,3,0,17,0,0,0,1,10,0,8,11,7,1,2,15,1,0,0
DOS_000764,0,0,46,1,1,1,1,5,1,4,7,7,7,5,26,0,0,0
DOS_000765,2,1,290,1,1,0,1,0,1,5,9,14,6,2,28,0,290,0
DOS_000766,3,0,116,2,0,1,2,5,0,3,11,7,5,3,8,0,0,0
DOS_000767,4,0,6,2,1,1,1,4,1,7,3,14,4,5,2,0,0,0
DOS_000768,0,0,73,1,1,0,2,6,2,0,8,14,7,4,40,0,0,0
DOS_000769,4,1,25,3,0,1,3,5,1,0,8,5,2,1,22,0,25,0
DOS_000770,0,0,0,1,0,0,2,11,0,4,1,3,7,5,17,0,0,0
DOS_000771,4,0,30,0,1,0,1,11,1,9,5,3,7,2,4,0,0,0
DOS_000772,0,1,16,1,1,1,2,6,2,8,10,5,3,4,16,0,16,0
DOS_000773,1,0,102,2,0,1,1,1,0,1,5,7,0,6,51,1,0,0
DOS_000774,3,0,24,1,0,0,2,11,1,2,12,3,3,2,26,0,0,0
DOS_000775,0,0,105,1,0,0,2,0,0,7,8,5,6,1,2,1,0,0
DOS_000776,0,0,0,0,0,0,1,13,0,4,8,5,4,3,12,0,0,0
DOS_000777,3,0,22,0,1,0,3,6,0,2,12,2,5,3,117,0,0,0
DOS_000778,3,0,16,0,0,1,4,8,2,5,2,5,2,4,23,0,0,0
DOS_000779,2,0,15,0,0,0,3,1,1,5,3,3,0,2,10,0,0,0
DOS_000780,2,0,4,1,0,0,1,11,0,4,2,5,2,3,73,0,0,0
DOS_000781,1,1,12,1,0,1,2,6,1,4,1,3,2,1,12,0,12,0
DOS_000782,0,1,48,1,0,0,4,2,0,5,2,7,5,2,39,0,48,0
DOS_000783,0,1,20,0,0,0,1,5,1,1,10,2,4,4,4,0,20,0
DOS_000784,0,1,32,1,0,1,3,2,0,5,6,14,3,5,5,0,32,0
DOS_000785,4,0,28,4,0,1,1,12,2,1,12,7,2,2,24,0,0,0
DOS_000786,2,1,125,2,0,1,1,9,1,2,1,7,6,3,8,0,125,0
DOS_000787,1,0,141,0,0,0,3,12,1,1,6,7,6,2,1,1,0,0
DOS_000788,1,1,40,2,1,1,3,10,0,0,1,5,2,1,78,0,40,0
DOS_000789,5,1,24,0,0,0,3,10,0,0,2,3,2,3,1,0,24,0
DOS_000790,0,1,6,1,0,0,4,10,0,8,8,7,0,5,37,0,6,0
DOS_000791,2,1,183,1,1,1,1,4,2,3,6,14,2,5,12,0,183,0
DOS_000792,1,1,3,1,0,0,1,14,0,4,9,14,6,2,81,0,3,0
DOS_000793,2,0,21,2,1,1,4,1,1,9,1,7,2,4,128,0,0,0
DOS_000794,0,0,21,3,0,0,1,7,0,6,5,5,7,2,12,0,0,0
DOS_000795,4,1,23,2,0,0,2,13,0,1,7,7,7,0,26,0,23,0
DOS_000796,5,0,10,0,1,1,2,7,0,9,9,7,4,5,44,0,0,0
DOS_000797,2,1,91,1,1,0,1,6,1,8,11,7,6,3,3,0,91,0
DOS_000798,2,1,7,0,0,1,1,5,1,3,9,5,2,2,37,1,7,0
DOS_000799,5,0,60,1,0,0,2,0,2,9,4,14,5,4,70,1,0,0
DOS_000800,3,1,7,2,0,1,4,7,2,9,4,5,7,1,5,0,7,0
DOS_000801,0,1,4,2,1,0,3,0,0,0,4,7,5,2,54,0,4,0
DOS_000802,2,1,144,0,1,0,2,7,1,7,3,14,6,3,3,0,144,0
DOS_000803,2,1,12,0,0,0,2,10,0,3,8,14,2,3,25,0,12,0
DOS_000804,1,0,103,1,0,1,1,1,1,6,5,7,5,4,12,1,0,0
DOS_000805,3,1,47,0,0,1,1,7,0,2,7,5,4,6,19,0,47,0
DOS_000806,5,1,4,0,0,1,1,9,1,8,10,3,0,3,10,0,4,0
DOS_000807,5,0,186,2,0,0,1,11,0,4,6,2,5,2,9,0,0,0
DOS_000808,1,0,17,0,0,0,1,3,0,4,9,7,6,1,40,0,0,0
DOS_000809,0,1,117,0,0,0,1,6,0,2,3,7,5,3,7,0,117,0
DOS_000810,5,0,11,2,1,0,1,4,0,8,6,7,3,4,15,0,0,0
DOS_000811,4,1,115,2,1,0,1,7,0,2,3,7,4,3,9,0,115,0
DOS_000812,0,1,0,3,0,1,2,11,1,1,2,7,5,2,8,0,0,0
DOS_000813,5,0,43,1,0,1,2,14,1,8,3,7,0,6,29,0,0,0
DOS_000814,4,1,88,2,1,0,1,5,0,8,2,14,3,0,1,0,88,0
DOS_000815,1,1,163,1,0,0,4,13,0,9,2,2,6,7,46,0,163,0
DOS_000816,2,0,143,2,1,1,1,14,0,3,10,7,6,4,23,0,0,0
DOS_000817,1,0,102,1,0,0,4,4,1,3,11,5,2,5,52,1,0,0
DOS_000818,0,0,131,3,0,0,1,0,0,9,7,7,4,1,7,0,0,0
DOS_000819,0,0,13,1,0,0,4,2,0,5,10,14,7,1,37,0,0,0
DOS_000820,3,1,20,1,0,0,1,9,0,8,3,5,5,2,16,1,20,0
DOS_000821,0,0,20,4,1,1,3,8,0,7,8,2,2,3,2,0,0,0
DOS_000822,0,1,28,0,0,0,1,14,0,9,2,3,4,3,41,0,28,0
DOS_000823,1,0,29,2,0,0,3,13,0,2,11,3,6,1,43,1,0,0
DOS_000824,1,0,47,2,0,0,1,8,0,5,11,7,3,0,9,0,0,0
DOS_000825,4,1,10,1,1,1,1,4,0,6,7,2,5,3,74,0,10,0
DOS_000826,0,1,70,4,0,0,3,2,0,5,3,2,6,3,43,0,70,0
DOS_000827,0,0,11,2,0,0,1,5,1,2,9,7,7,3,10,0,0,0
DOS_000828,3,0,22,4,0,1,4,4,0,8,7,7,0,1,8,0,0,0
DOS_000829,1,0,41,0,0,1,1,14,0,3,9,5,7,3,17,0,0,0
DOS_000830,0,0,95,1,0,1,2,0,0,1,2,7,4,3,10,0,0,0
DOS_000831,1,1,80,3,1,1,3,1,1,8,6,7,6,6,7,0,80,0
DOS_000832,0,0,62,3,0,0,1,11,1,2,5,3,6,0,15,0,0,0
DOS_000833,0,0,10,1,0,0,1,4,1,5,2,7,7,3,0,0,0,0
DOS_000834,1,0,47,0,1,0,3,13,0,4,4,7,0,3,15,0,0,0
DOS_000835,1,1,5,1,0,0,3,8,0,1,4,5,7,7,7,1,5,1
DOS_000836,4,1,28,2,0,1,4,11,0,0,8,7,7,3,9,0,28,0
DOS_000837,1,0,32,2,0,1,1,3,0,8,7,7,2,5,2,0,0,0
DOS_000838,2,1,2,2,0,1,2,8,1,2,5,7,6,1,26,1,2,0
DOS_000839,2,0,19,1,1,0,1,2,1,6,9,7,2,5,19,0,0,0
DOS_000840,0,0,186,1,0,1,1,0,1,8,1,7,3,3,41,0,0,0
DOS_000841,2,1,184,3,0,1,3,5,0,8,4,7,3,1,130,0,184,0
DOS_000842,0,1,26,3,1,0,1,14,0,9,5,7,1,1,3,0,26,0
DOS_000843,5,1,2,2,0,1,1,9,0,5,8,7,1,3,9,0,2,0
DOS_000844,0,1,11,3,0,0,1,13,0,7,3,3,3,4,34,1,11,0
DOS_000845,1,0,29,2,0,0,3,6,2,8,12,5,5,2,8,1,0,0
DOS_000846,0,1,177,2,0,1,4,3,0,2,5,3,7,7,0,0,177,0
DOS_000847,5,0,9,1,1,1,2,9,2,5,3,5,2,4,3,0,0,0
DOS_000848,1,1,86,0,1,0,2,4,0,4,7,7,0,1,17,0,86,0
DOS_000849,2,0,6,1,0,0,3,3,0,6,10,14,6,4,16,0,0,0
DOS_000850,0,1,238,2,0,1,2,2,0,6,3,14,7,4,107,1,238,1
DOS_000851,3,0,28,3,0,1,1,0,1,8,7,7,6,4,18,0,0,0
DOS_000852,0,0,89,2,0,1,1,12,0,0,2,14,3,4,34,0,0,0
DOS_000853,4,1,25,1,0,0,1,5,0,5,7,14,7,2,20,0,25,0
DOS_000854,0,0,59,1,0,0,2,9,0,4,9,14,5,3,9,0,0,0
DOS_000855,0,0,12,0,1,0,3,4,0,3,12,2,7,2,3,0,0,0
DOS_000856,0,0,9,0,1,0,1,10,0,9,5,5,0,3,58,0,0,0
DOS_000857,1,0,166,3,0,0,1,0,0,0,12,7,1,1,4,0,0,0
DOS_000858,2,0,149,1,0,0,4,4,1,3,6,3,0,3,3,0,0,0
DOS_000859,0,0,131,2,0,0,3,5,1,9,10,7,3,0,7,0,0,0
DOS_000860,3,1,58,2,1,0,2,9,0,6,11,3,2,1,0,0,58,0
DOS_000861,1,0,99,1,1,1,1,4,1,3,3,5,7,3,2,0,0,0
DOS_000862,1,1,4,1,1,0,1,0,0,0,10,2,3,3,30,0,4,0
DOS_000863,1,1,24,2,0,0,1,13,1,9,5,7,6,2,8,0,24,0
DOS_000864,1,0,22,2,1,0,1,4,0,0,5,7,6,3,12,0,0,0
DOS_000865,2,1,60,1,0,0,1,9,0,0,3,7,4,4,54,0,60,0
DOS_000866,0,0,26,2,0,0,2,0,0,9,8,5,5,2,44,0,0,0
DOS_000867,0,1,9,1,0,1,1,10,1,4,6,7,5,2,20,0,9,0
DOS_000868,4,0,54,0,0,1,1,2,0,6,3,7,5,4,28,0,0,0
DOS_000869,5,0,101,0,0,0,1,11,0,8,1,7,4,6,2,0,0,0
DOS_000870,1,1,28,0,0,0,2,12,0,7,10,5,4,1,43,0,28,0
DOS_000871,0,1,8,4,0,0,2,1,0,1,1,2,2,3,21,0,8,0
DOS_000872,2,1,13,3,0,1,2,12,1,8,11,2,5,2,25,0,13,0
DOS_000873,1,0,16,3,0,0,1,0,1,3,10,7,3,2,32,0,0,0
DOS_000874,0,1,21,0,0,0,1,3,2,9,12,5,4,3,20,0,21,0
DOS_000875,0,0,61,2,0,1,1,1,0,4,2,3,3,2,22,0,0,0
DOS_000876,3,0,55,2,0,1,1,4,0,4,10,3,1,5,20,0,0,0
DOS_000877,2,0,71,2,0,1,4,9,1,3,5,7,5,2,20,0,0,0
DOS_000878,0,1,27,3,1,1,5,0,1,5,7,7,4,0,41,1,27,0
DOS_000879,0,0,104,2,0,1,2,11,0,0,1,7,4,3,16,0,0,0
DOS_000880,0,0,13,1,0,0,4,9,1,1,1,7,2,2,0,0,0,0
DOS_000881,2,1,37,1,0,0,2,0,1,3,4,3,3,5,28,0,37,0
DOS_000882,0,0,96,0,1,1,1,10,0,3,10,5,2,2,91,0,0,0
DOS_000883,0,0,11,1,1,1,5,9,1,7,6,5,2,3,8,0,0,0
DOS_000884,3,0,6,1,0,1,1,3,0,8,9,5,3,2,50,0,0,0
DOS_000885,0,1,129,1,0,0,2,6,2,3,1,14,1,6,18,0,129,0
DOS_000886,2,0,25,0,1,0,1,13,0,5,11,7,3,4,30,0,0,0
DOS_000887,0,0,69,0,1,0,1,13,0,3,10,7,1,7,66,0,0,0
DOS_000888,0,1,1,2,1,0,2,1,0,3,5,3,2,0,44,0,1,0
DOS_000889,0,1,70,3,1,0,1,1,2,8,9,5,1,3,64,0,70,0
DOS_000890,3,0,22,1,1,1,1,0,1,3,8,3,5,1,0,0,0,0
DOS_000891,4,1,3,2,0,0,1,4,0,5,7,7,1,2,6,0,3,0
DOS_000892,4,1,56,1,0,1,1,5,1,8,10,5,7,4,16,0,56,0
DOS_000893,1,1,16,2,0,1,5,12,1,2,2,5,1,2,56,0,16,0
DOS_000894,2,0,29,1,1,0,3,5,0,6,9,7,7,9,54,0,0,0
DOS_000895,0,1,5,2,0,0,2,1,0,6,12,14,4,3,6,0,5,0
DOS_000896,0,0,9,1,1,1,1,11,1,0,8,3,4,2,4,0,0,0
DOS_000897,4,0,21,1,0,1,3,11,0,1,11,2,6,6,54,0,0,0
DOS_000898,0,0,5,2,0,1,1,6,0,4,10,3,2,1,23,0,0,0
DOS_000899,0,0,145,2,1,1,1,5,1,7,10,7,3,4,29,1,0,0
DOS_000900,0,0,0,2,0,1,1,7,0,5,9,3,1,3,49,1,0,0
DOS_000901,0,1,39,1,0,0,4,5,0,6,9,7,5,4,7,0,39,0
DOS_000902,0,0,7,1,0,1,1,8,0,2,9,7,4,5,4,0,0,0
DOS_000903,2,0,22,0,0,1,1,9,1,5,3,5,3,3,58,0,0,0
DOS_000904,1,0,156,2,0,1,2,1,1,8,7,2,5,6,3,1,0,0
DOS_000905,4,0,10,3,0,0,1,6,1,2,12,5,1,3,2,0,0,0
DOS_000906,3,1,202,1,0,1,2,4,0,5,1,3,3,6,9,0,202,0
DOS_000907,0,0,13,1,1,0,2,0,1,6,9,3,6,4,11,0,0,0
DOS_000908,0,0,81,0,1,1,1,2,2,4,9,7,7,3,8,0,0,0
DOS_000909,1,0,47,0,0,0,1,3,0,9,3,7,7,5,40,0,0,0
DOS_000910,2,0,129,0,1,0,1,11,0,7,5,2,5,2,108,1,0,0
DOS_000911,0,0,48,0,0,0,3,1,1,7,12,7,0,2,6,0,0,0
DOS_000912,2,1,45,0,0,0,4,6,0,5,8,3,5,3,45,0,45,0
DOS_000913,1,1,13,2,0,0,1,0,0,6,6,7,5,3,1,0,13,0
DOS_000914,2,0,10,2,1,1,1,2,0,2,10,7,1,1,3,0,0,0
DOS_000915,1,1,148,2,1,0,1,11,0,6,10,7,7,3,21,0,148,0
DOS_000916,0,1,23,1,0,0,2,8,0,6,9,5,3,4,235,0,23,0
DOS_000917,5,1,27,1,0,0,3,10,0,3,3,7,1,2,89,0,27,0
DOS_000918,3,0,85,1,0,0,1,13,1,9,12,7,1,2,3,0,0,0
DOS_000919,0,0,24,1,0,0,2,1,0,3,7,2,0,3,8,0,0,0
DOS_000920,4,0,182,0,0,0,3,4,1,2,6,7,6,4,87,0,0,0
DOS_000921,1,1,80,2,0,0,4,3,0,9,5,7,5,2,4,0,80,0
DOS_000922,4,1,54,1,1,1,1,11,1,6,4,5,3,3,40,0,54,0
DOS_000923,3,0,127,0,0,0,1,2,0,4,5,7,6,2,0,0,0,0
DOS_000924,1,0,3,0,1,0,1,4,1,2,4,7,2,4,29,0,0,0
DOS_000925,0,1,17,1,1,0,4,5,1,5,3,2,4,3,20,0,17,0
DOS_000926,0,1,37,0,0,1,3,0,1,5,7,5,6,6,19,0,37,0
DOS_000927,1,1,15,1,1,0,2,1,0,5,6,5,1,3,53,0,15,0
DOS_000928,2,1,81,1,1,0,1,0,1,1,4,2,1,1,2,0,81,0
DOS_000929,0,0,150,2,0,0,1,2,0,9,9,3,7,2,14,0,0,0
DOS_000930,0,1,33,1,0,0,1,7,0,6,1,5,1,4,17,0,33,0
DOS_000931,4,1,25,1,1,0,2,7,0,6,1,3,1,5,3,1,25,0
DOS_000932,5,0,195,0,0,0,1,3,2,9,9,7,4,4,2,0,0,0
DOS_000933,1,0,35,2,0,0,1,5,0,3,7,5,2,3,5,0,0,0
DOS_000934,0,1,40,1,0,0,3,11,1,5,2,2,0,2,8,0,40,0
DOS_000935,0,0,25,2,1,0,1,8,0,3,11,5,2,2,101,0,0,0
DOS_000936,0,1,144,2,1,1,2,13,0,3,10,2,4,7,19,0,144,0
DOS_000937,4,1,50,0,1,1,1,6,1,5,5,5,3,0,21,0,50,0
DOS_000938,0,1,86,3,0,0,3,1,0,8,4,5,0,4,36,0,86,0
DOS_000939,2,0,100,0,0,1,2,10,1,6,1,7,0,5,34,0,0,0
DOS_000940,0,0,25,2,0,1,4,1,1,1,12,5,3,5,20,0,0,0
DOS_000941,2,1,34,1,1,1,2,2,0,5,9,5,5,4,12,0,34,0
DOS_000942,2,0,113,1,0,0,4,7,1,4,6,7,1,0,12,0,0,0
DOS_000943,4,1,27,5,0,1,4,9,0,5,11,7,7,2,1,0,27,0
DOS_000944,0,1,94,2,0,0,2,14,0,7,12,7,7,3,68,0,94,0
DOS_000945,0,0,169,2,0,0,4,8,0,7,6,7,4,3,44,0,0,0
DOS_000946,0,0,58,1,1,0,1,12,0,2,4,3,3,8,29,0,0,0
DOS_000947,4,0,81,0,1,0,1,13,2,8,2,14,7,3,15,0,0,0
DOS_000948,4,0,98,1,1,0,1,2,1,5,8,14,2,1,26,0,0,0
DOS_000949,2,1,111,1,0,0,2,8,1,6,8,5,2,1,19,0,111,0
DOS_000950,2,1,30,2,1,1,3,11,1,8,3,14,5,1,9,0,30,0
DOS_000951,2,1,3,2,1,0,3,11,0,6,7,7,3,2,10,0,3,0
DOS_000952,0,1,30,0,0,0,1,9,1,9,7,14,4,4,62,0,30,0
DOS_000953,4,0,67,3,1,0,1,11,1,8,5,7,5,1,30,0,0,0
DOS_000954,1,1,35,1,0,0,1,7,0,0,5,7,5,4,0,0,35,0
DOS_000955,1,1,82,0,1,0,2,4,1,0,8,2,5,4,11,0,82,0
DOS_000956,1,1,26,3,1,1,1,10,1,2,4,7,7,3,12,0,26,1
DOS_000957,0,1,60,2,1,0,4,9,0,8,1,3,7,2,36,0,60,0
DOS_000958,0,0,12,0,0,0,1,2,0,0,1,5,0,2,36,0,0,0
DOS_000959,3,1,83,0,0,1,1,10,0,0,9,14,0,4,18,0,83,0
DOS_000960,0,0,47,3,0,0,4,6,0,4,4,2,1,5,90,0,0,0
DOS_000961,2,0,13,0,0,1,2,8,1,7,1,7,7,3,61,0,0,0
DOS_000962,0,0,20,4,1,0,1,11,1,1,2,3,4,2,60,0,0,0
DOS_000963,1,1,82,2,1,0,2,5,1,3,10,2,2,3,12,0,82,0
DOS_000964,0,1,39,1,1,0,1,2,1,5,7,7,2,3,16,0,39,0
DOS_000965,1,1,14,0,0,0,5,4,2,0,2,3,1,2,16,0,14,0
DOS_000966,3,1,205,0,1,0,2,6,2,3,1,14,2,2,17,0,205,0
DOS_000967,0,1,75,0,1,1,1,7,0,3,10,3,5,8,66,0,75,1
DOS_000968,2,1,188,1,1,1,2,12,0,8,9,3,7,5,8,0,188,0
DOS_000969,1,0,33,2,0,1,1,13,0,8,5,2,1,5,48,0,0,0
DOS_000970,2,0,38,0,0,1,3,11,0,5,4,5,1,3,21,0,0,0
DOS_000971,5,0,136,2,0,0,4,3,2,7,4,2,3,2,8,0,0,0
DOS_000972,3,1,44,4,0,1,4,1,0,9,11,7,0,2,22,0,44,0
DOS_000973,0,1,73,1,0,0,1,9,1,3,1,7,4,7,6,0,73,0
DOS_000974,0,0,17,1,1,1,1,1,1,9,3,2,4,3,3,0,0,0
DOS_000975,0,0,35,1,0,0,1,11,0,7,1,3,0,2,54,0,0,0
DOS_000976,2,1,7,4,0,1,2,2,0,2,5,7,5,2,36,0,7,0
DOS_000977,0,0,13,3,0,1,2,7,0,1,5,7,4,3,6,0,0,0
DOS_000978,1,1,0,2,1,0,2,0,0,5,9,5,2,0,85,0,0,0
DOS_000979,2,1,2,3,1,0,4,13,1,4,8,7,2,4,0,0,2,0
DOS_000980,0,0,227,4,1,0,1,6,0,7,5,7,4,1,12,0,0,0
DOS_000981,3,0,16,3,0,0,1,5,0,0,5,7,6,4,0,0,0,0
DOS_000982,0,1,65,2,0,1,1,13,0,9,7,7,6,2,4,0,65,0
DOS_000983,0,1,109,1,1,1,1,1,0,2,12,3,7,6,5,0,109,0
DOS_000984,3,0,47,1,0,0,1,8,0,6,2,2,3,2,49,1,0,0
DOS_000985,1,1,9,0,0,0,2,12,1,9,7,5,4,2,149,1,9,0
DOS_000986,2,0,78,1,0,1,1,11,0,3,1,14,1,5,60,0,0,0
DOS_000987,1,0,55,1,0,0,1,4,1,9,5,2,5,5,30,0,0,0
DOS_000988,0,1,78,2,1,0,3,1,1,4,12,7,7,1,38,0,78,0
DOS_000989,3,1,88,2,0,1,1,2,1,7,12,7,7,5,22,0,88,0
DOS_000990,3,0,222,0,0,1,2,6,0,0,6,7,1,5,16,0,0,0
DOS_000991,2,1,51,1,0,0,1,6,0,0,11,5,0,7,35,0,51,0
DOS_000992,0,1,25,2,0,0,2,9,0,6,10,5,5,1,108,1,25,0
DOS_000993,2,0,62,0,0,1,4,0,0,8,1,2,5,5,0,0,0,0
DOS_000994,1,0,4,1,1,1,1,14,2,3,9,5,2,3,11,0,0,0
DOS_000995,0,1,136,1,0,1,2,9,0,7,9,2,5,1,12,0,136,0
DOS_000996,4,0,7,0,0,0,4,13,2,9,1,7,3,2,16,0,0,0
DOS_000997,0,0,23,2,0,1,2,10,1,6,4,14,4,3,29,0,0,0
DOS_000998,5,0,101,2,0,0,1,10,0,1,8,7,1,4,21,0,0,0
DOS_000999,1,1,54,1,0,1,1,11,1,4,2,7,2,1,0,0,54,0
DOS_001000,0,1,30,1,0,0,2,3,0,8,11,7,7,4,15,0,30,0
DOS_001001,1,1,38,5,1,0,4,5,0,8,8,3,7,2,28,0,38,0
DOS_001002,4,0,115,4,1,1,1,7,0,2,10,2,6,3,21,0,0,0
DOS_001003,3,1,24,2,0,0,1,2,2,2,12,5,7,0,61,1,24,0
DOS_001004,3,1,122,0,0,0,1,13,0,1,9,7,2,2,15,0,122,0
DOS_001005,2,1,5,1,1,1,1,2,1,6,9,14,3,6,0,0,5,0
DOS_001006,2,1,89,1,1,1,1,7,0,5,1,5,3,5,10,0,89,0
DOS_001007,4,0,112,2,0,1,1,7,0,4,9,5,3,5,4,0,0,0
DOS_001008,0,1,12,0,1,0,1,7,0,6,4,5,3,4,8,0,12,0
DOS_001009,1,0,33,0,1,0,1,0,0,3,12,5,6,1,13,0,0,0
DOS_001010,0,0,10,3,1,1,4,7,0,4,12,7,1,3,33,0,0,0
DOS_001011,5,0,73,1,0,0,1,7,0,8,8,7,3,2,11,0,0,0
DOS_001012,5,0,45,1,0,1,1,1,1,8,9,7,2,2,64,0,0,0
DOS_001013,0,0,60,0,0,0,1,11,0,3,3,7,2,2,10,0,0,0
DOS_001014,3,1,13,1,1,1,4,8,2,5,6,5,6,3,4,0,13,1
DOS_001015,5,0,14,2,0,0,3,6,0,1,3,14,5,0,5,0,0,0
DOS_001016,0,1,2,0,0,0,3,7,0,2,1,7,4,4,81,0,2,0
DOS_001017,2,0,23,1,1,1,1,1,0,8,10,5,2,10,18,0,0,0
DOS_001018,4,0,49,2,1,0,3,3,0,5,6,5,2,3,15,0,0,0
DOS_001019,0,1,117,1,1,1,1,6,2,7,5,7,6,2,2,0,117,0
DOS_001020,2,0,65,2,1,1,1,5,1,4,3,5,1,5,39,0,0,0
DOS_001021,0,0,34,0,1,1,2,6,1,1,4,7,7,4,35,0,0,0
DOS_001022,5,1,183,2,0,1,3,0,1,6,2,5,5,2,14,0,183,0
DOS_001023,5,0,76,3,1,0,3,7,1,5,12,7,2,5,35,0,0,0
DOS_001024,5,0,159,2,1,0,4,12,1,1,10,7,0,9,13,0,0,0
DOS_001025,1,0,44,3,0,0,4,6,1,5,10,7,2,0,2,0,0,0
DOS_001026,4,1,17,3,0,0,1,12,0,7,4,14,7,2,40,0,17,0
DOS_001027,4,1,3,3,1,0,1,3,1,0,4,14,4,2,100,0,3,0
DOS_001028,0,1,77,2,0,0,1,0,1,3,3,7,4,2,31,0,77,0
DOS_001029,4,1,7,1,1,0,4,14,0,0,6,2,5,9,9,0,7,1
DOS_001030,0,0,21,0,0,0,1,7,1,1,1,5,5,1,9,0,0,0
DOS_001031,2,0,45,0,0,0,4,9,0,0,9,5,3,2,79,0,0,0
DOS_001032,0,1,49,1,0,1,1,6,1,5,11,3,1,2,10,0,49,1
DOS_001033,0,0,55,0,0,0,1,7,0,5,10,14,7,1,43,0,0,0
DOS_001034,0,0,10,2,1,0,1,9,0,0,3,14,4,3,30,0,0,0
DOS_001035,2,0,28,3,0,1,1,0,0,3,3,7,0,3,26,0,0,0
DOS_001036,0,0,57,2,0,0,4,4,1,3,12,3,0,3,5,0,0,0
DOS_001037,3,1,210,2,0,1,1,8,0,7,3,2,3,4,1,0,210,0
DOS_001038,0,0,78,1,0,1,1,4,1,5,7,5,1,2,20,0,0,0
DOS_001039,0,0,153,0,0,0,1,12,1,1,8,2,1,1,133,0,0,0
DOS_001040,1,0,86,1,1,1,1,13,0,4,2,7,5,5,6,0,0,0
DOS_001041,3,1,53,2,0,1,1,13,2,3,1,7,2,6,23,0,53,1
DOS_001042,0,0,12,3,0,0,1,9,0,9,5,14,0,4,33,0,0,0
DOS_001043,2,0,65,1,0,1,4,11,1,3,8,3,0,2,19,0,0,0
DOS_001044,4,1,58,1,0,0,1,2,0,7,3,5,6,3,21,0,58,0
DOS_001045,2,1,55,1,0,0,1,8,0,4,6,14,0,2,32,0,55,0
DOS_001046,0,0,40,1,0,0,2,12,0,2,3,7,0,3,50,1,0,0
DOS_001047,0,0,45,2,1,0,1,8,1,9,6,2,6,2,12,0,0,0
DOS_001048,4,0,24,0,1,0,1,3,2,3,12,3,4,2,68,0,0,0
DOS_001049,0,0,43,3,1,1,2,3,0,0,4,7,1,3,19,0,0,0
DOS_001050,4,0,13,2,0,0,1,10,0,5,11,7,2,3,32,0,0,0
DOS_001051,1,0,98,2,0,0,2,7,2,9,7,14,4,2,3,0,0,0
DOS_001052,5,0,12,1,0,0,2,6,0,3,11,3,1,1,20,0,0,0
DOS_001053,3,0,5,2,1,1,3,10,0,5,10,7,3,2,0,0,0,0
DOS_001054,5,1,34,3,1,1,4,4,0,1,1,7,0,7,14,0,34,0
DOS_001055,1,1,64,1,0,1,1,5,0,4,1,3,2,3,1,0,64,0
DOS_001056,3,1,34,3,0,1,1,14,1,8,5,14,1,1,68,0,34,0
DOS_001057,1,0,19,0,1,1,1,2,2,7,9,7,7,4,33,1,0,0
DOS_001058,1,0,49,3,1,1,1,13,0,2,5,14,3,2,47,0,0,1
DOS_001059,2,1,25,3,1,1,3,14,1,0,4,14,0,1,18,0,25,0
DOS_001060,4,0,162,2,1,0,3,5,1,9,8,5,3,5,57,0,0,0
DOS_001061,5,0,153,1,1,0,2,12,0,2,5,7,6,2,61,1,0,0
DOS_001062,3,1,41,1,0,1,2,7,0,7,1,5,3,0,13,0,41,0
DOS_001063,1,1,23,2,1,0,1,9,1,2,7,7,4,1,14,0,23,0
DOS_001064,1,1,80,1,1,0,2,13,0,4,11,7,3,3,21,0,80,0
DOS_001065,3,0,2,3,1,0,3,12,0,1,4,7,4,1,1,0,0,0
DOS_001066,0,0,38,4,0,1,2,10,2,0,10,2,7,2,163,0,0,0
DOS_001067,0,1,24,3,0,0,1,8,1,9,5,7,5,2,13,0,24,0
DOS_001068,1,0,151,1,0,1,2,2,2,4,6,5,4,4,19,0,0,0
DOS_001069,0,1,0,1,0,1,1,7,0,4,7,3,6,3,42,0,0,0
DOS_001070,0,1,48,1,1,1,2,11,1,5,11,7,6,2,10,0,48,0
DOS_001071,0,1,80,1,0,1,2,2,1,1,2,2,3,1,6,0,80,0
DOS_001072,0,0,39,1,0,1,1,1,2,8,1,3,1,1,4,1,0,0
DOS_001073,0,0,5,1,1,0,3,4,2,1,12,3,3,2,22,0,0,0
DOS_001074,5,1,215,1,0,0,4,13,2,1,3,5,3,4,0,0,215,0
DOS_001075,1,1,43,1,0,0,1,3,2,4,10,5,1,1,37,0,43,0
DOS_001076,1,1,57,4,0,1,4,12,0,8,12,7,0,4,18,0,57,0
DOS_001077,2,0,16,0,0,1,2,4,1,3,1,7,2,5,22,0,0,0
DOS_001078,0,0,39,3,0,1,3,5,0,5,4,5,5,6,9,0,0,0
DOS_001079,5,1,33,1,1,0,4,14,1,1,6,5,7,3,5,0,33,0
DOS_001080,3,1,4,2,0,0,2,2,2,3,5,3,0,5,36,0,4,0
DOS_001081,0,1,6,2,1,0,3,0,0,8,11,7,3,1,7,0,6,0
DOS_001082,1,0,109,1,0,0,1,14,1,1,4,5,0,3,45,1,0,0
DOS_001083,4,1,16,1,0,0,1,3,1,0,7,3,2,3,6,0,16,0
DOS_001084,5,1,13,3,0,0,2,5,0,3,11,3,6,4,28,0,13,0
DOS_001085,1,1,42,1,0,1,4,1,0,3,11,5,0,1,30,0,42,0
DOS_001086,2,0,87,1,0,0,4,1,0,0,6,7,2,1,21,0,0,0
DOS_001087,0,0,3,1,0,0,2,0,0,3,3,2,7,0,172,0,0,0
DOS_001088,5,1,51,0,0,1,2,8,1,2,9,5,0,1,14,0,51,0
DOS_001089,0,0,7,0,0,0,1,2,0,1,5,3,7,5,64,0,0,0
DOS_001090,5,0,2,1,0,0,5,1,0,9,10,14,4,5,5,0,0,0
DOS_001091,2,1,3,2,0,0,1,3,2,3,1,7,3,2,12,0,3,0
DOS_001092,2,0,107,1,1,0,3,5,1,7,6,3,2,3,4,0,0,0
DOS_001093,1,1,7,2,1,0,2,0,0,6,5,3,5,1,27,0,7,0
DOS_001094,0,0,2,1,0,0,2,8,0,8,10,14,3,4,30,1,0,0
DOS_001095,0,1,34,0,0,0,1,8,1,7,8,3,4,6,18,0,34,0
DOS_001096,0,1,111,1,1,0,5,7,0,0,4,14,6,6,38,0,111,0
DOS_001097,0,0,18,3,0,0,2,5,1,1,12,5,0,2,60,0,0,0
DOS_001098,3,0,32,2,1,1,4,3,1,1,1,2,3,1,44,0,0,0
DOS_001099,1,0,2,1,0,0,1,1,0,7,11,7,0,0,8,0,0,1
DOS_001100,0,0,35,2,1,1,2,7,2,3,2,7,0,2,11,0,0,0
DOS_001101,5,1,51,0,0,0,3,6,0,8,8,14,3,2,14,0,51,0
DOS_001102,4,1,50,1,1,0,3,11,0,1,10,7,2,6,6,0,50,0
DOS_001103,5,0,24,0,0,1,4,13,2,3,8,5,2,6,13,0,0,0
DOS_001104,5,0,22,1,1,0,1,3,0,0,5,7,3,7,8,1,0,0
DOS_001105,0,0,6,1,0,0,1,2,1,2,6,7,2,2,163,0,0,0
DOS_001106,1,1,27,2,0,1,2,14,1,5,2,7,1,3,45,0,27,0
DOS_001107,3,0,6,0,1,0,1,5,0,8,11,5,0,6,58,0,0,1
DOS_001108,2,1,87,2,0,1,5,14,2,0,12,3,3,2,76,0,87,0
DOS_001109,0,1,203,0,1,1,1,14,0,4,9,5,5,6,32,0,203,0
DOS_001110,3,1,210,2,0,0,2,0,0,1,6,7,4,1,5,0,210,1
DOS_001111,0,0,120,1,1,0,1,1,2,6,12,5,7,3,42,0,0,0
DOS_001112,0,1,55,1,0,0,2,6,0,3,9,5,6,4,0,0,55,0
DOS_001113,1,0,72,1,1,1,1,10,1,4,11,7,3,3,3,0,0,0
DOS_001114,2,0,20,1,1,1,1,2,1,7,10,2,3,1,0,1,0,0
DOS_001115,2,1,59,0,0,1,1,13,0,1,3,7,0,6,4,0,59,0
DOS_001116,0,1,36,1,1,0,1,12,0,2,6,14,4,3,41,0,36,1
DOS_001117,4,0,39,2,1,1,5,0,0,4,10,5,0,4,65,0,0,0
DOS_001118,0,0,85,0,0,0,1,1,1,9,5,5,5,6,9,0,0,0
DOS_001119,0,0,19,1,0,0,2,9,0,3,9,7,6,2,3,1,0,0
DOS_001120,4,0,22,1,0,1,5,9,0,4,10,7,7,2,9,0,0,0
DOS_001121,5,0,155,1,1,0,3,13,0,2,1,7,7,2,31,0,0,0
DOS_001122,4,0,3,0,0,1,5,8,0,8,9,2,2,1,12,0,0,0
DOS_001123,3,0,39,0,0,0,5,6,1,7,5,2,3,4,97,0,0,0
DOS_001124,2,1,146,0,0,1,2,6,2,5,1,7,0,2,4,0,146,0
DOS_001125,2,1,56,2,0,0,2,13,0,0,10,5,7,4,139,1,56,0
DOS_001126,0,1,47,0,1,0,1,9,0,3,8,7,6,0,0,0,47,0
DOS_001127,1,0,17,3,1,0,1,7,1,6,7,7,5,5,18,0,0,0
DOS_001128,1,1,25,3,0,0,3,14,0,9,6,7,5,0,8,0,25,0
DOS_001129,0,1,114,1,0,0,2,11,2,4,2,14,6,0,25,0,114,0
DOS_001130,3,1,49,1,1,1,3,11,0,3,5,2,7,2,3,1,49,0
DOS_001131,1,1,43,2,0,0,3,7,0,8,3,3,7,8,62,0,43,0
DOS_001132,0,1,6,2,0,0,1,8,2,7,2,7,1,3,4,0,6,0
DOS_001133,0,0,0,3,0,0,4,1,0,2,10,2,3,4,26,0,0,0
DOS_001134,2,0,198,3,0,0,2,13,0,5,1,7,5,1,1,0,0,0
DOS_001135,0,1,28,2,0,1,1,7,0,3,9,14,6,1,11,0,28,0
DOS_001136,4,1,55,3,1,1,4,7,2,6,2,14,2,2,4,0,55,0
DOS_001137,1,1,4,0,0,0,1,12,1,0,11,7,7,3,114,0,4,0
DOS_001138,1,0,68,1,1,0,3,4,0,0,1,14,0,4,0,0,0,0
DOS_001139,2,0,161,0,0,1,2,4,1,5,7,3,0,4,13,0,0,0
DOS_001140,4,0,51,1,0,0,1,3,0,9,9,7,1,2,10,0,0,0
DOS_001141,0,1,8,1,1,0,3,13,0,6,6,5,2,6,32,1,8,0
DOS_001142,2,1,52,2,0,0,2,4,1,8,8,5,5,4,1,0,52,0
DOS_001143,2,0,87,0,0,0,1,1,1,6,11,2,6,4,49,0,0,0
DOS_001144,0,0,31,2,0,0,1,1,0,8,7,14,1,4,18,0,0,0
DOS_001145,4,0,127,1,0,0,4,4,0,9,9,7,5,0,18,0,0,0
DOS_001146,3,1,62,2,1,1,1,10,0,8,7,7,5,8,7,0,62,0
DOS_001147,2,1,137,0,0,0,4,12,1,7,6,3,3,3,20,1,137,0
DOS_001148,4,1,58,0,1,0,1,2,1,6,1,5,4,4,13,0,58,0
DOS_001149,4,0,8,0,0,0,2,0,1,2,9,14,6,5,8,0,0,0
DOS_001150,3,1,22,1,0,0,4,8,1,2,10,7,5,6,5,0,22,0
DOS_001151,4,0,13,1,1,0,1,1,1,4,5,7,0,5,39,0,0,0
DOS_001152,2,1,143,2,1,1,2,13,1,6,2,14,5,0,4,0,143,0
DOS_001153,2,0,85,1,0,0,3,11,0,9,12,7,1,4,5,0,0,0
DOS_001154,2,0,67,1,0,1,3,13,0,6,11,7,6,1,25,0,0,0
DOS_001155,3,1,21,3,0,0,2,9,0,0,8,5,7,1,7,0,21,0
DOS_001156,0,1,12,2,1,1,2,1,0,7,4,5,5,2,18,0,12,0
DOS_001157,4,0,84,1,1,0,3,13,1,0,3,7,6,2,24,0,0,0
DOS_001158,4,1,38,1,1,0,3,3,2,3,1,5,7,3,9,0,38,1
DOS_001159,0,0,15,2,0,1,3,1,0,1,5,7,7,1,12,0,0,0
DOS_001160,4,0,57,0,1,0,1,6,2,4,3,5,0,4,7,0,0,0
DOS_001161,0,0,2,2,0,1,5,14,0,5,4,3,0,1,18,0,0,0
DOS_001162,0,0,23,1,0,0,1,11,0,3,9,7,1,4,146,0,0,0
DOS_001163,3,0,37,2,0,1,1,9,1,3,11,3,0,2,13,1,0,0
DOS_001164,0,0,9,2,1,1,1,14,0,6,7,14,2,4,31,0,0,0
DOS_001165,3,0,250,1,1,1,1,0,0,3,11,5,2,3,30,1,0,0
DOS_001166,4,1,14,2,0,0,1,10,1,1,5,7,4,10,46,0,14,0
DOS_001167,1,0,8,0,0,0,1,1,2,3,8,5,6,2,37,0,0,0
DOS_001168,0,1,13,2,1,1,1,10,1,6,6,5,2,2,0,0,13,0
DOS_001169,0,0,87,0,0,1,2,4,0,0,10,5,1,4,11,0,0,0
DOS_001170,2,1,33,1,0,1,1,14,0,3,2,14,5,4,61,0,33,0
DOS_001171,5,0,50,2,1,0,1,1,2,5,7,5,2,6,23,0,0,0
DOS_001172,2,0,1,4,1,1,1,8,0,7,1,7,4,1,3,0,0,0
DOS_001173,0,0,2,1,0,0,1,3,2,7,3,3,6,3,9,0,0,0
DOS_001174,2,0,35,0,0,0,1,8,0,8,12,2,3,2,9,0,0,0
DOS_001175,1,0,101,0,0,0,2,10,1,4,1,7,3,4,61,0,0,0
DOS_001176,3,1,129,2,0,0,5,11,1,1,1,7,7,4,24,0,129,0
DOS_001177,0,1,5,3,1,1,4,0,0,2,5,7,1,3,28,0,5,0
DOS_001178,3,1,46,1,0,0,4,0,1,1,6,5,4,4,13,0,46,0
DOS_001179,1,1,146,0,1,1,1,0,0,8,12,2,2,1,1,0,146,0
DOS_001180,5,0,29,1,0,0,1,13,1,5,3,7,4,2,2,0,0,0
DOS_001181,0,0,106,0,0,0,1,3,1,0,3,14,0,3,16,0,0,0
DOS_001182,2,0,8,2,0,0,3,8,0,2,3,3,4,4,5,0,0,0
DOS_001183,5,0,164,1,1,0,1,7,1,6,1,14,7,2,3,0,0,0
DOS_001184,0,0,83,1,0,0,2,6,0,6,5,5,2,4,9,0,0,0
DOS_001185,5,0,170,2,0,1,1,14,0,4,1,7,1,4,40,0,0,0
DOS_001186,2,0,67,1,0,1,1,0,1,2,10,2,0,4,2,0,0,0
DOS_001187,0,0,27,3,0,0,5,2,0,6,10,5,4,2,17,0,0,0
DOS_001188,0,1,167,2,0,0,3,8,1,4,3,3,3,2,52,0,167,0
DOS_001189,3,1,19,1,0,0,3,14,0,5,6,2,7,9,9,1,19,0
DOS_001190,0,0,24,3,0,1,2,8,0,2,11,14,2,3,10,1,0,0
DOS_001191,2,1,72,0,0,0,4,4,0,5,6,7,1,2,64,0,72,0
DOS_001192,0,1,86,2,0,0,2,11,0,6,3,7,5,2,31,0,86,0
DOS_001193,2,0,159,2,0,0,4,12,1,7,9,2,7,3,47,0,0,0
DOS_001194,0,0,13,0,0,1,1,5,1,1,8,14,2,1,10,0,0,0
DOS_001195,4,0,95,0,0,0,2,10,2,1,11,7,4,5,172,0,0,0
DOS_001196,5,1,80,2,0,0,2,12,0,5,3,14,6,2,4,0,80,0
DOS_001197,5,1,3,3,1,1,1,5,1,7,5,2,1,2,98,0,3,0
DOS_001198,3,0,29,2,0,1,4,9,1,4,5,5,3,3,69,0,0,0
DOS_001199,0,0,19,2,0,1,5,3,0,0,5,14,0,3,24,0,0,0
DOS_001200,3,1,21,0,0,0,2,0,1,0,3,5,4,3,26,0,21,0
DOS_001201,0,0,244,1,1,1,1,4,1,9,5,14,1,2,44,0,0,0
DOS_001202,0,0,61,1,1,1,2,12,0,8,5,5,0,2,10,0,0,1
DOS_001203,0,1,75,0,1,1,4,0,1,3,4,7,6,2,22,0,75,0
DOS_001204,1,1,225,1,0,1,2,0,0,9,4,14,1,2,69,0,225,0
DOS_001205,3,1,28,0,0,1,1,10,0,0,2,7,5,3,2,1,28,0
DOS_001206,2,1,97,2,1,0,2,4,0,7,9,7,4,2,70,0,97,0
DOS_001207,1,1,34,2,1,0,1,4,1,1,7,3,1,3,39,0,34,0
DOS_001208,0,0,122,2,0,1,3,6,0,1,1,3,3,2,44,0,0,0
DOS_001209,5,1,11,0,1,0,1,1,0,0,5,3,6,1,2,0,11,0
DOS_001210,1,0,177,2,1,0,2,14,1,0,2,7,1,1,6,0,0,0
DOS_001211,1,1,14,1,0,0,3,5,1,8,10,7,7,2,77,0,14,0
DOS_001212,0,0,23,0,0,1,1,1,1,0,6,5,4,2,3,1,0,0
DOS_001213,3,1,84,1,0,0,1,14,0,5,7,7,1,3,29,0,84,0
DOS_001214,2,0,30,0,0,1,1,12,1,6,12,7,7,2,45,0,0,0
DOS_001215,0,0,56,4,1,1,1,9,0,3,2,3,0,2,7,0,0,0
DOS_001216,0,0,35,3,0,0,1,4,0,4,11,14,7,3,35,0,0,0
DOS_001217,2,0,81,5,1,0,5,3,1,3,6,14,0,2,2,0,0,0
DOS_001218,2,1,15,0,1,0,3,10,1,3,3,2,6,4,20,0,15,0
DOS_001219,0,1,3,2,0,0,4,9,1,9,9,2,5,1,12,0,3,0
DOS_001220,5,0,21,2,0,0,4,4,1,0,4,2,2,5,31,0,0,0
DOS_001221,0,0,38,0,1,0,1,1,1,5,3,7,6,2,65,0,0,0
DOS_001222,1,0,11,2,1,1,1,7,0,9,11,3,5,2,4,0,0,0
DOS_001223,5,0,26,2,1,0,1,7,0,9,3,7,6,6,17,0,0,0
DOS_001224,1,0,30,0,0,1,3,5,2,6,2,5,2,3,16,0,0,0
DOS_001225,2,1,3,2,0,0,2,2,0,6,12,7,3,2,11,0,3,0
DOS_001226,1,0,52,0,0,1,1,3,1,7,9,7,0,1,19,0,0,0
DOS_001227,0,0,129,3,1,0,1,0,1,6,8,14,2,6,63,0,0,0
DOS_001228,5,0,9,2,0,1,2,8,0,5,5,5,1,4,109,0,0,0
DOS_001229,1,0,54,1,1,1,2,9,1,7,9,3,3,0,0,0,0,0
DOS_001230,4,0,65,3,0,1,4,4,1,2,2,2,4,1,40,0,0,0
DOS_001231,0,1,32,2,1,0,1,13,1,8,6,5,2,1,28,0,32,0
DOS_001232,0,0,72,1,1,1,4,7,0,2,7,7,6,4,156,0,0,0
DOS_001233,0,0,31,1,0,0,1,2,0,3,6,14,5,2,2,0,0,0
DOS_001234,2,0,42,1,0,0,3,3,0,9,3,7,2,6,50,0,0,1
DOS_001235,1,0,0,1,0,0,4,3,1,5,10,3,5,5,81,0,0,0
DOS_001236,4,0,70,3,0,0,4,7,1,7,10,7,6,1,72,0,0,0
DOS_001237,1,1,64,2,0,0,1,14,0,2,10,3,6,2,24,0,64,0
DOS_001238,5,1,2,2,0,1,1,11,1,9,9,2,5,4,11,0,2,1
DOS_001239,0,1,27,2,0,0,2,8,0,5,12,7,0,3,30,0,27,0
DOS_001240,4,0,231,0,1,0,1,2,1,4,8,14,3,3,10,0,0,0
DOS_001241,3,0,32,1,0,0,2,6,0,4,8,2,5,2,15,0,0,0
DOS_001242,3,0,41,0,0,1,4,8,0,4,8,7,0,6,17,1,0,0
DOS_001243,4,1,144,2,1,0,1,1,0,8,9,14,0,3,10,0,144,0
DOS_001244,3,1,75,2,0,0,2,3,1,6,1,3,5,3,12,0,75,0
DOS_001245,2,0,52,3,1,1,1,2,0,8,8,5,3,2,0,1,0,0
DOS_001246,0,0,95,0,1,0,4,7,0,8,2,7,1,2,10,0,0,0
DOS_001247,0,0,119,3,0,0,5,3,0,5,4,7,6,2,19,0,0,0
DOS_001248,5,1,36,1,0,0,2,8,0,5,1,5,2,3,5,0,36,0
DOS_001249,2,1,38,0,0,1,1,0,1,3,12,3,0,1,49,0,38,0
DOS_001250,3,0,29,1,0,1,3,0,1,7,6,7,2,3,23,0,0,0
DOS_001251,1,0,204,1,0,0,2,3,0,1,10,7,3,1,47,0,0,0
DOS_001252,0,1,71,0,0,0,1,2,0,4,1,7,1,5,4,0,71,0
DOS_001253,0,0,5,1,0,0,4,2,0,0,12,3,7,2,51,0,0,0
DOS_001254,2,0,119,4,0,1,5,9,2,9,5,7,4,3,95,0,0,0
DOS_001255,1,0,39,1,0,1,2,11,1,1,9,7,6,2,13,0,0,0
DOS_001256,0,1,4,1,0,0,2,1,1,0,1,14,6,3,10,0,4,1
DOS_001257,1,0,47,2,1,0,1,13,1,5,9,14,1,3,31,1,0,0
DOS_001258,0,0,32,1,0,1,2,9,1,1,4,7,7,5,30,0,0,0
DOS_001259,2,1,126,0,0,1,1,9,2,3,3,14,3,2,3,0,126,0
DOS_001260,0,0,13,1,0,1,1,1,0,4,8,14,1,1,78,0,0,0
DOS_001261,3,0,105,0,0,1,1,7,2,6,6,7,6,4,19,0,0,0
DOS_001262,0,0,48,1,0,1,1,0,1,9,7,7,4,3,43,0,0,1
DOS_001263,1,0,3,1,0,0,1,13,0,0,9,7,0,4,13,0,0,0
DOS_001264,0,1,214,2,0,0,2,14,1,4,5,7,1,2,9,0,214,1
DOS_001265,0,0,43,1,0,0,2,7,1,3,2,2,5,3,3,1,0,0
DOS_001266,1,0,20,1,0,1,2,9,1,6,3,5,5,5,9,0,0,0
DOS_001267,1,1,38,2,0,0,1,2,0,9,3,3,3,6,150,0,38,0
DOS_001268,2,1,117,2,0,0,1,1,1,6,4,5,6,3,32,0,117,0
DOS_001269,0,1,21,2,0,0,3,8,0,7,10,2,6,3,48,1,21,1
DOS_001270,2,0,12,2,1,0,2,4,1,3,7,14,1,2,95,0,0,0
DOS_001271,4,0,8,0,1,1,5,14,2,3,12,7,4,2,2,1,0,0
DOS_001272,3,1,21,2,0,0,1,13,1,9,10,3,3,4,5,0,21,0
DOS_001273,0,0,90,1,0,0,2,4,0,4,6,7,1,3,78,0,0,0
DOS_001274,1,1,38,2,0,1,1,12,1,4,3,3,3,4,24,0,38,0
DOS_001275,0,1,15,3,1,0,2,5,0,2,7,7,5,3,30,0,15,0
DOS_001276,0,1,10,1,0,1,4,3,1,4,4,5,7,4,16,0,10,1
DOS_001277,5,0,24,2,1,1,4,6,1,4,10,5,4,4,50,0,0,0
DOS_001278,0,0,168,0,1,1,5,6,0,7,11,14,0,1,21,0,0,0
DOS_001279,1,1,25,0,1,1,1,10,0,6,11,7,4,5,52,0,25,0
DOS_001280,2,0,265,4,0,0,2,8,1,7,8,14,0,3,145,1,0,0
DOS_001281,3,0,39,1,0,0,2,5,0,4,7,5,6,4,31,0,0,0
DOS_001282,2,1,11,1,0,0,2,12,1,1,7,5,2,5,22,0,11,0
DOS_001283,0,1,133,0,0,0,1,0,0,7,9,7,7,2,13,0,133,0
DOS_001284,0,0,37,3,0,0,4,8,0,8,8,2,5,6,6,0,0,0
DOS_001285,1,0,74,2,1,0,4,11,1,1,12,3,6,2,32,0,0,0
DOS_001286,0,0,247,2,0,1,1,12,1,0,1,3,5,0,1,0,0,0
DOS_001287,1,1,3,1,0,0,1,9,1,5,7,7,7,6,93,0,3,1
DOS_001288,0,1,6,2,0,0,1,8,1,2,3,7,5,4,31,1,6,0
DOS_001289,0,0,76,0,1,0,2,4,0,0,12,3,4,5,96,1,0,0
DOS_001290,1,0,19,2,1,0,1,6,1,5,4,5,0,5,9,0,0,0
DOS_001291,0,1,12,2,0,1,4,0,0,7,6,14,2,1,87,0,12,0
DOS_001292,2,0,2,2,0,0,2,3,0,8,5,2,7,4,28,0,0,0
DOS_001293,2,0,1,2,0,1,2,11,0,5,8,7,2,2,49,0,0,0
DOS_001294,3,1,89,2,0,0,2,9,0,5,2,7,2,2,5,0,89,0
DOS_001295,0,0,8,2,0,0,1,3,0,0,5,7,6,3,20,0,0,1
DOS_001296,0,1,37,0,1,0,4,4,0,4,5,5,3,1,25,0,37,0
DOS_001297,0,0,55,1,0,1,2,5,2,2,3,14,4,0,14,0,0,0
DOS_001298,2,0,33,1,0,0,5,3,0,6,10,5,4,5,8,0,0,0
DOS_001299,3,1,1,3,0,0,2,5,0,8,5,5,6,4,70,0,1,0
DOS_001300,0,0,91,1,1,0,3,9,1,5,4,5,5,2,2,0,0,0
DOS_001301,5,1,0,5,0,1,1,6,0,4,11,5,4,4,5,1,0,0
DOS_001302,0,1,86,3,0,1,2,2,0,6,5,3,4,2,11,0,86,1
DOS_001303,1,0,134,3,1,0,3,8,0,8,10,14,3,4,75,0,0,0
DOS_001304,3,0,34,2,0,0,3,7,0,4,9,3,4,3,24,0,0,0
DOS_001305,4,0,46,1,1,1,3,0,0,4,7,14,0,2,14,0,0,0
DOS_001306,3,0,38,3,0,1,1,12,0,9,1,5,6,0,15,0,0,0
DOS_001307,3,0,29,2,1,1,5,1,1,3,3,5,2,3,54,0,0,0
DOS_001308,0,0,131,0,0,1,5,1,0,4,9,3,3,5,0,0,0,0
DOS_001309,3,0,134,3,0,1,1,9,0,6,4,7,3,1,0,0,0,0
DOS_001310,0,1,24,1,1,0,4,8,1,2,4,7,5,3,1,0,24,0
DOS_001311,4,1,57,1,0,1,1,11,0,3,10,14,4,3,19,0,57,0
DOS_001312,1,1,156,2,0,1,2,8,0,8,6,7,2,2,26,0,156,0
DOS_001313,3,0,196,1,0,0,1,8,1,1,3,7,6,2,29,0,0,0
DOS_001314,1,0,42,0,0,0,5,0,2,7,3,2,0,3,39,0,0,0
DOS_001315,2,1,36,3,0,1,1,6,1,8,9,14,7,4,6,0,36,0
DOS_001316,1,0,19,3,1,0,2,14,0,4,5,14,6,3,9,0,0,0
DOS_001317,3,0,191,3,1,1,1,11,2,6,7,5,7,4,8,0,0,0
DOS_001318,0,1,9,1,0,0,1,10,0,5,5,2,2,1,4,1,9,1
DOS_001319,0,1,52,2,0,0,2,12,0,0,6,7,6,0,8,0,52,0
DOS_001320,0,0,19,0,0,0,1,2,0,7,8,7,1,1,28,0,0,0
DOS_001321,0,0,19,1,1,0,3,10,1,8,8,7,2,0,13,1,0,0
DOS_001322,4,1,31,1,0,0,5,8,0,9,2,5,0,3,43,0,31,0
DOS_001323,0,1,365,1,0,0,3,7,1,0,11,14,0,2,23,0,365,0
DOS_001324,5,1,3,1,0,1,4,2,1,7,9,3,0,2,7,0,3,0
DOS_001325,0,1,51,0,0,1,1,0,0,2,10,5,3,3,18,0,51,0
DOS_001326,0,1,5,4,0,0,1,8,1,5,12,2,6,3,26,1,5,0
DOS_001327,3,0,10,3,0,0,2,12,0,9,12,3,3,1,60,0,0,0
DOS_001328,2,0,34,3,1,0,1,9,0,7,12,14,1,2,53,0,0,0
DOS_001329,1,1,42,5,0,0,4,0,0,4,6,7,2,0,16,0,42,0
DOS_001330,2,1,17,3,0,0,1,14,1,7,7,7,4,2,31,0,17,0
DOS_001331,3,1,22,3,0,0,4,2,0,6,3,7,5,3,10,1,22,0
DOS_001332,0,0,5,2,0,0,1,12,1,6,4,7,1,6,30,0,0,0
DOS_001333,5,0,21,1,0,0,3,5,2,6,6,7,6,0,73,0,0,0
DOS_001334,5,1,203,1,0,0,1,5,2,8,7,2,4,3,29,0,203,0
DOS_001335,2,1,173,2,1,1,1,13,0,5,6,14,7,7,10,0,173,0
DOS_001336,0,1,24,0,0,0,3,10,0,5,5,3,6,3,30,0,24,0
DOS_001337,2,1,50,2,0,1,1,9,0,8,12,7,4,0,69,0,50,1
DOS_001338,0,1,144,4,0,1,3,3,1,5,2,7,1,4,4,0,144,0
DOS_001339,0,1,0,2,1,1,2,1,2,6,12,2,2,1,19,0,0,0
DOS_001340,0,1,99,3,1,1,1,12,1,6,7,2,5,4,11,0,99,0
DOS_001341,1,1,177,0,1,0,4,9,1,1,5,7,4,2,8,0,177,0
DOS_001342,4,1,5,0,0,0,2,5,0,7,12,5,3,4,15,0,5,0
DOS_001343,3,0,10,2,1,0,3,9,1,5,9,5,3,1,15,0,0,0
DOS_001344,3,0,194,3,0,1,2,4,0,3,11,7,1,2,7,0,0,0
DOS_001345,1,1,46,2,0,1,2,12,0,6,4,5,5,6,15,0,46,0
DOS_001346,0,0,0,0,1,1,1,5,1,7,10,7,5,2,30,0,0,0
DOS_001347,1,0,17,1,1,0,1,6,1,0,12,14,6,5,0,0,0,0
DOS_001348,5,0,35,1,0,1,2,10,0,9,2,2,4,0,135,0,0,0
DOS_001349,0,0,70,2,0,0,1,8,0,3,7,7,1,7,10,0,0,0
DOS_001350,4,0,79,1,0,0,1,11,0,3,7,5,5,7,29,0,0,0
DOS_001351,2,0,323,1,0,1,2,11,1,9,1,7,5,4,10,1,0,0
DOS_001352,1,1,20,2,0,0,2,13,0,8,11,7,3,2,15,0,20,0
DOS_001353,3,0,46,2,1,1,1,6,1,5,5,5,1,2,23,0,0,0
DOS_001354,1,0,45,1,1,0,1,3,0,3,3,2,4,3,28,0,0,0
DOS_001355,4,0,31,0,1,1,1,9,0,0,9,7,7,1,44,0,0,0
DOS_001356,4,1,11,1,1,0,1,4,0,7,9,3,4,0,47,1,11,0
DOS_001357,1,0,227,2,0,1,1,14,0,8,7,3,3,4,21,0,0,0
DOS_001358,0,1,115,2,1,1,1,12,1,4,12,14,7,4,2,0,115,1
DOS_001359,2,1,41,1,0,1,5,5,1,4,9,5,6,4,24,1,41,0
DOS_001360,4,1,55,0,0,0,3,12,0,9,12,7,7,4,19,0,55,0
DOS_001361,0,0,15,3,0,1,1,8,0,7,2,5,7,5,7,0,0,0
DOS_001362,2,1,47,4,0,0,1,4,1,7,11,14,0,2,0,0,47,1
DOS_001363,2,0,71,0,1,0,3,4,0,4,10,5,0,5,11,0,0,0
DOS_001364,3,1,43,2,1,0,1,6,0,3,8,5,5,2,9,0,43,0
DOS_001365,0,1,278,6,0,1,3,1,0,5,10,7,2,1,19,0,278,0
DOS_001366,3,0,56,1,1,0,4,2,1,9,10,14,3,4,43,0,0,0
DOS_001367,4,0,27,3,0,1,2,11,0,4,10,7,2,3,17,0,0,0
DOS_001368,0,0,88,1,1,1,1,1,0,7,1,5,5,2,90,0,0,0
DOS_001369,0,1,11,0,0,0,3,9,1,8,3,7,6,1,7,0,11,0
DOS_001370,5,0,29,1,0,1,5,9,2,0,8,7,3,2,7,0,0,0
DOS_001371,0,1,25,2,0,0,2,11,0,8,11,14,4,3,27,0,25,0
DOS_001372,4,0,33,1,0,1,2,13,0,8,8,14,6,1,67,0,0,0
DOS_001373,1,1,91,2,0,0,1,1,0,5,10,7,3,6,33,0,91,0
DOS_001374,0,1,39,1,1,0,1,2,0,9,8,7,1,6,33,0,39,0
DOS_001375,4,1,94,3,0,0,3,5,0,4,11,7,7,2,49,0,94,0
DOS_001376,1,1,51,2,1,0,4,4,1,6,12,7,2,5,33,0,51,0
DOS_001377,1,0,25,2,1,0,2,10,2,7,11,3,3,3,42,0,0,0
DOS_001378,1,0,99,3,0,0,3,14,1,8,7,2,7,2,60,0,0,0
DOS_001379,2,1,16,0,0,0,1,13,0,8,2,2,2,5,0,1,16,0
DOS_001380,0,0,15,2,1,0,1,12,1,9,3,14,6,5,65,0,0,0
DOS_001381,1,0,42,2,0,0,2,4,0,2,9,3,5,6,7,0,0,0
DOS_001382,5,0,18,2,1,1,1,1,0,7,2,2,3,0,72,0,0,0
DOS_001383,0,0,0,5,0,0,2,1,2,0,7,5,0,0,9,0,0,0
DOS_001384,2,0,62,2,0,1,1,11,2,6,1,7,2,2,18,0,0,0
DOS_001385,0,1,42,0,1,1,3,0,0,4,3,14,7,3,81,1,42,0
DOS_001386,3,0,35,2,0,1,3,2,0,1,1,7,4,5,3,0,0,0
DOS_001387,0,1,204,4,0,1,2,11,0,1,6,5,4,2,41,0,204,0
DOS_001388,5,0,50,0,0,0,1,11,1,7,4,14,7,0,14,0,0,0
DOS_001389,1,1,119,1,1,1,2,10,1,4,1,2,7,5,0,0,119,0
DOS_001390,0,0,9,3,1,0,5,13,0,2,5,14,3,4,83,1,0,1
DOS_001391,0,1,50,1,0,1,2,6,0,0,4,2,4,2,3,0,50,0
DOS_001392,0,1,121,0,0,1,1,10,0,6,11,7,7,1,44,0,121,0
DOS_001393,1,0,52,1,0,0,1,4,0,2,10,2,6,5,14,0,0,0
DOS_001394,0,1,75,1,0,1,1,6,1,6,11,14,4,3,49,0,75,0
DOS_001395,4,1,27,2,0,0,1,8,1,1,10,3,2,4,41,0,27,1
DOS_001396,1,1,5,0,1,0,3,5,0,3,2,2,6,4,30,0,5,0
DOS_001397,0,1,36,1,0,0,3,1,0,1,7,14,3,3,84,0,36,0
DOS_001398,2,0,30,1,0,1,1,0,0,3,12,2,2,1,3,0,0,0
DOS_001399,3,1,121,2,1,1,1,0,0,4,8,7,3,1,48,0,121,0
DOS_001400,0,0,16,4,0,1,1,9,0,7,4,7,4,4,33,0,0,0
DOS_001401,0,0,204,2,0,0,4,8,0,1,9,7,6,2,11,0,0,0
DOS_001402,0,1,190,0,0,0,2,13,0,9,3,5,3,3,23,0,190,0
DOS_001403,3,0,17,2,0,1,2,5,0,2,6,14,5,2,31,0,0,0
DOS_001404,2,1,25,1,1,0,1,5,1,9,11,14,3,4,39,1,25,0
DOS_001405,1,1,135,1,0,1,2,3,0,4,7,5,1,2,6,0,135,0
DOS_001406,4,1,203,0,0,0,1,11,1,8,7,3,3,5,3,0,203,0
DOS_001407,3,1,35,1,0,0,1,13,1,9,6,5,1,2,3,1,35,0
DOS_001408,2,0,23,1,1,0,2,1,1,4,9,3,2,3,10,0,0,0
DOS_001409,4,0,44,1,0,1,2,9,0,8,1,7,1,2,5,0,0,0
DOS_001410,0,0,69,2,0,0,1,2,1,3,9,14,6,3,23,0,0,0
DOS_001411,0,0,19,1,1,0,1,2,0,9,9,7,2,4,17,0,0,0
DOS_001412,0,0,80,1,0,0,1,7,2,4,4,7,3,3,67,0,0,0
DOS_001413,0,0,3,3,1,0,1,5,1,8,12,5,2,4,37,0,0,0
DOS_001414,1,1,3,2,0,0,2,6,0,3,12,5,4,1,6,0,3,0
DOS_001415,5,1,29,1,1,0,4,8,0,4,5,7,5,3,1,0,29,0
DOS_001416,0,0,26,4,0,1,1,0,1,4,3,7,3,2,37,0,0,0
DOS_001417,0,1,22,1,0,0,1,1,2,3,7,7,6,1,56,0,22,0
DOS_001418,1,0,40,1,1,1,1,14,1,3,2,2,1,2,36,0,0,0
DOS_001419,5,0,23,1,0,1,2,8,1,4,8,7,5,4,30,0,0,0
DOS_001420,0,1,12,0,0,0,1,4,1,5,9,5,0,4,8,0,12,0
DOS_001421,1,1,22,1,0,0,3,3,1,6,6,3,5,1,20,0,22,0
DOS_001422,0,1,221,0,0,1,1,0,0,5,9,7,7,0,38,0,221,0
DOS_001423,0,0,31,1,1,0,2,8,0,0,6,5,3,3,6,0,0,0
DOS_001424,5,1,35,1,0,0,4,10,1,1,3,14,6,5,19,0,35,0
DOS_001425,5,1,51,3,1,0,4,12,0,6,10,5,6,4,3,0,51,0
DOS_001426,0,1,245,2,0,1,5,8,1,2,3,7,7,1,22,0,245,0
DOS_001427,5,1,16,0,0,0,3,3,0,9,2,7,5,3,25,0,16,0
DOS_001428,2,1,68,1,0,1,4,8,1,1,5,5,5,6,22,0,68,0
DOS_001429,4,1,75,2,1,1,1,9,0,5,4,7,4,5,19,0,75,0
DOS_001430,1,1,56,2,1,0,1,12,0,3,12,7,2,4,26,0,56,0
DOS_001431,1,1,5,6,0,0,1,0,0,4,6,14,5,6,172,0,5,0
DOS_001432,1,1,67,1,1,0,3,14,0,5,5,5,1,2,29,0,67,0
DOS_001433,2,0,3,2,0,0,4,4,1,2,6,3,6,4,41,0,0,0
DOS_001434,0,1,54,4,0,0,1,0,0,0,4,5,7,5,6,0,54,0
DOS_001435,0,0,80,0,1,0,2,3,1,2,3,7,1,0,22,0,0,0
DOS_001436,0,0,14,0,1,0,3,11,0,2,1,7,4,2,0,0,0,0
DOS_001437,3,1,110,1,1,0,4,4,0,5,5,5,5,5,0,0,110,0
DOS_001438,0,1,1,3,0,0,2,13,0,3,6,2,5,1,11,0,1,0
DOS_001439,2,1,111,0,0,1,5,10,0,6,5,5,4,3,18,0,111,1
DOS_001440,5,0,37,0,0,0,1,2,0,1,5,7,3,2,25,0,0,0
DOS_001441,0,0,14,1,0,1,1,1,0,3,12,3,0,4,65,0,0,0
DOS_001442,2,0,8,0,1,0,2,5,1,7,6,5,0,10,44,0,0,0
DOS_001443,1,1,183,1,0,0,1,10,2,5,4,2,2,0,10,0,183,0
DOS_001444,4,1,4,2,1,0,1,12,2,9,12,7,1,2,40,1,4,0
DOS_001445,0,1,13,2,0,0,3,2,2,2,4,14,3,6,23,0,13,0
DOS_001446,2,1,25,2,0,0,3,9,0,9,11,7,1,4,45,0,25,0
DOS_001447,4,1,58,2,1,1,3,0,0,1,8,2,3,2,15,0,58,0
DOS_001448,5,1,47,0,0,1,1,10,0,2,11,3,4,2,2,0,47,0
DOS_001449,2,0,8,1,1,0,2,12,0,0,8,5,2,3,28,0,0,0
DOS_001450,1,0,20,0,0,0,1,4,1,0,12,7,4,5,24,0,0,0
DOS_001451,2,1,16,2,1,0,1,1,1,1,3,7,1,1,92,0,16,0
DOS_001452,4,1,14,2,0,0,2,14,1,2,7,14,6,3,5,0,14,0
DOS_001453,2,0,31,2,0,0,1,1,1,8,5,14,2,3,32,0,0,0
DOS_001454,0,1,73,1,1,0,1,14,0,7,5,3,5,1,19,0,73,0
DOS_001455,5,0,14,3,1,0,3,3,0,8,12,3,7,2,14,0,0,0
DOS_001456,2,0,27,2,0,0,1,3,0,6,3,5,6,4,47,0,0,0
DOS_001457,2,1,29,2,0,0,5,3,2,6,2,5,7,1,49,0,29,0
DOS_001458,0,1,224,3,0,0,2,6,2,4,3,7,3,2,37,0,224,0
DOS_001459,2,1,185,2,0,0,5,0,1,6,7,7,3,1,2,0,185,0
DOS_001460,1,0,96,0,1,1,1,12,0,3,3,3,2,2,12,0,0,0
DOS_001461,2,0,16,1,1,0,2,7,0,4,11,7,4,2,1,0,0,0
DOS_001462,0,1,4,1,0,1,1,11,0,0,2,7,2,3,12,0,4,0
DOS_001463,2,1,22,1,0,1,3,12,1,3,4,14,4,1,31,0,22,0
DOS_001464,5,0,18,0,1,1,1,9,0,2,12,7,2,3,21,0,0,0
DOS_001465,0,1,42,0,0,1,1,8,0,1,5,7,4,0,36,0,42,0
DOS_001466,5,0,90,0,0,1,4,9,0,1,7,3,0,2,24,0,0,0
DOS_001467,1,1,117,2,0,1,1,12,2,7,1,7,2,3,24,0,117,0
DOS_001468,4,1,111,5,0,0,1,13,0,0,8,2,7,2,21,0,111,0
DOS_001469,3,0,26,2,0,0,1,14,1,7,10,7,7,2,13,0,0,0
DOS_001470,2,0,69,1,1,1,2,5,0,8,3,2,4,3,17,0,0,0
DOS_001471,3,1,22,2,0,1,1,3,0,5,11,3,5,3,3,0,22,0
DOS_001472,4,1,3,1,0,1,1,5,0,0,6,3,1,3,53,0,3,0
DOS_001473,1,1,72,3,1,1,1,9,1,9,4,2,6,1,66,0,72,0
DOS_001474,0,1,0,0,0,1,2,6,1,6,5,5,6,2,43,0,0,0
DOS_001475,2,1,31,0,0,1,3,5,0,4,10,14,6,1,26,0,31,0
DOS_001476,3,1,23,0,0,1,1,10,0,8,12,5,1,0,25,0,23,0
DOS_001477,3,0,70,1,0,0,1,0,1,6,6,7,7,2,19,0,0,0
DOS_001478,3,0,87,2,1,1,1,4,1,4,2,3,2,5,7,0,0,1
DOS_001479,1,0,21,0,1,1,1,7,0,1,3,7,2,5,14,0,0,0
DOS_001480,3,0,100,1,0,1,1,14,0,3,8,3,3,2,137,0,0,0
DOS_001481,0,1,20,0,1,1,2,7,1,1,8,3,4,5,4,0,20,0
DOS_001482,1,0,35,0,0,0,2,11,1,8,1,2,2,1,23,0,0,0
DOS_001483,0,1,77,2,1,0,4,9,2,1,10,5,1,5,60,0,77,0
DOS_001484,0,1,70,1,0,1,1,8,1,1,8,2,1,4,18,0,70,0
DOS_001485,1,1,262,2,0,0,2,3,0,1,11,14,6,2,27,1,262,0
DOS_001486,1,0,15,2,0,0,2,9,1,0,2,5,1,8,52,0,0,0
DOS_001487,2,0,65,1,0,0,2,5,0,8,10,7,7,1,23,0,0,0
DOS_001488,1,0,56,1,0,1,4,6,1,7,10,14,4,2,39,0,0,0
DOS_001489,1,0,147,1,0,1,1,4,1,1,8,7,0,3,12,0,0,0
DOS_001490,0,0,10,1,1,1,1,14,0,1,12,14,2,3,39,1,0,0
DOS_001491,1,1,83,0,0,1,2,10,1,4,10,3,6,3,1,0,83,0
DOS_001492,0,1,50,3,1,0,1,7,1,3,5,7,0,3,4,0,50,0
DOS_001493,0,1,19,0,0,0,1,2,1,1,1,5,4,3,30,0,19,0
DOS_001494,2,1,38,2,1,0,1,7,0,7,8,7,6,3,17,0,38,1
DOS_001495,2,0,24,1,1,1,1,14,0,7,12,7,5,2,52,0,0,0
DOS_001496,2,1,51,5,1,0,2,13,1,3,5,14,2,3,12,0,51,0
DOS_001497,1,1,131,1,1,1,1,4,2,3,1,14,3,7,43,0,131,1
DOS_001498,1,0,50,2,1,0,1,0,0,8,4,2,2,4,4,1,0,0
DOS_001499,4,1,59,1,0,0,2,12,0,3,1,5,2,2,79,0,59,0
DOS_001500,1,0,43,1,0,1,2,5,0,9,9,7,2,4,16,0,0,0
DOS_001501,1,1,3,1,0,0,5,1,0,8,10,7,6,3,7,0,3,0
DOS_001502,0,1,15,1,0,1,1,14,1,2,2,2,6,3,46,0,15,0
DOS_001503,0,0,40,1,0,0,5,6,1,1,8,5,2,1,88,0,0,0
DOS_001504,1,1,22,0,1,0,2,14,2,7,4,7,5,2,75,0,22,0
DOS_001505,1,1,12,1,0,0,3,14,1,2,9,7,2,0,8,0,12,0
DOS_001506,2,1,42,1,0,0,1,8,0,1,2,5,4,1,33,0,42,0
DOS_001507,1,0,23,2,0,1,2,2,1,7,12,7,2,3,23,0,0,0
DOS_001508,2,1,17,0,1,0,4,13,1,7,3,7,5,6,38,0,17,0
DOS_001509,3,0,37,2,0,0,4,9,2,4,2,14,7,2,20,0,0,0
DOS_001510,3,0,8,2,0,0,1,13,0,8,10,7,4,4,19,1,0,0
DOS_001511,3,0,157,1,0,1,1,3,0,5,5,5,2,2,64,0,0,0
DOS_001512,5,1,121,1,1,1,2,3,0,4,11,14,2,5,61,0,121,0
DOS_001513,0,1,73,3,1,0,4,3,1,2,1,2,4,2,46,0,73,0
DOS_001514,0,1,6,3,1,0,1,2,0,6,12,14,2,6,36,1,6,0
DOS_001515,0,1,89,1,1,1,2,4,1,8,3,7,5,1,34,0,89,0
DOS_001516,2,0,99,2,0,1,3,8,1,3,1,14,6,3,1,0,0,0
DOS_001517,4,0,87,0,1,0,3,14,0,6,10,5,7,4,41,0,0,0
DOS_001518,0,0,7,3,0,1,2,10,1,2,8,7,1,2,30,0,0,0
DOS_001519,5,0,61,1,0,1,1,7,2,1,12,7,2,4,10,1,0,0
DOS_001520,0,0,107,2,0,1,5,9,1,0,4,7,3,0,51,0,0,0
DOS_001521,5,0,51,0,0,1,2,1,0,5,3,3,4,1,53,0,0,0
DOS_001522,1,0,62,1,1,1,3,11,0,4,8,5,5,5,80,0,0,0
DOS_001523,0,0,36,1,0,0,1,8,0,1,9,7,2,3,16,0,0,0
DOS_001524,1,0,45,2,1,1,2,11,0,2,8,5,2,5,24,0,0,0
DOS_001525,0,0,2,1,0,0,1,9,1,8,6,7,4,5,70,0,0,0
DOS_001526,0,1,61,1,0,1,1,1,2,2,3,5,0,2,11,0,61,0
DOS_001527,0,1,5,3,0,0,3,6,1,6,8,14,5,2,47,0,5,0
DOS_001528,3,1,34,2,1,0,2,4,0,0,5,5,5,3,144,0,34,0
DOS_001529,1,0,20,1,1,1,2,14,0,6,5,2,1,3,31,0,0,0
DOS_001530,0,0,47,3,0,1,1,12,2,8,12,2,6,2,123,0,0,0
DOS_001531,2,1,8,2,0,0,2,6,1,7,9,7,6,2,21,0,8,0
DOS_001532,3,0,70,0,0,0,1,4,0,6,1,7,1,1,4,0,0,0
DOS_001533,0,0,95,0,0,0,2,11,0,9,7,7,2,0,5,0,0,0
DOS_001534,1,0,10,1,1,1,1,5,1,7,8,7,4,2,39,0,0,1
DOS_001535,0,0,6,1,0,1,3,7,0,3,11,5,3,0,0,0,0,0
DOS_001536,0,0,9,1,1,0,3,0,0,1,10,14,2,6,32,0,0,0
DOS_001537,2,0,125,1,0,1,1,12,0,8,3,14,1,2,4,0,0,0
DOS_001538,0,1,45,1,0,1,1,10,0,2,8,2,2,3,124,0,45,0
DOS_001539,1,0,37,1,1,0,2,12,0,3,1,14,4,3,5,0,0,0
DOS_001540,3,0,6,3,0,1,2,11,0,6,8,7,5,6,24,0,0,0
DOS_001541,0,1,62,1,0,0,3,0,0,1,7,7,7,0,33,0,62,0
DOS_001542,2,0,121,2,0,1,2,4,1,7,4,7,5,2,51,0,0,0
DOS_001543,0,0,105,0,0,0,1,14,1,9,11,7,5,2,18,0,0,0
DOS_001544,5,1,59,0,1,0,1,0,0,7,7,14,5,0,81,0,59,0
DOS_001545,1,0,4,0,0,0,1,2,2,4,10,7,6,3,19,0,0,0
DOS_001546,3,0,7,3,1,0,1,9,0,8,11,3,3,3,8,0,0,0
DOS_001547,2,0,3,2,0,1,2,14,0,7,7,7,0,3,26,0,0,0
DOS_001548,0,0,17,1,0,0,1,8,0,0,10,2,6,2,32,0,0,0
DOS_001549,2,1,8,0,0,0,4,13,1,8,12,7,3,4,21,0,8,0
DOS_001550,5,1,18,0,0,1,3,12,0,4,1,7,7,3,39,1,18,0
DOS_001551,2,0,29,2,1,0,4,6,0,8,3,5,2,1,16,0,0,0
DOS_001552,3,1,171,2,1,0,4,11,1,8,7,2,1,2,0,0,171,0
DOS_001553,4,0,56,0,0,1,1,5,0,9,11,7,7,3,9,0,0,0
DOS_001554,0,0,108,2,1,1,3,7,1,9,5,5,4,4,87,0,0,0
DOS_001555,0,1,74,2,1,0,1,7,1,2,9,3,2,1,43,0,74,0
DOS_001556,2,0,7,1,0,0,1,5,2,7,7,7,7,3,6,0,0,0
DOS_001557,1,0,79,1,1,1,3,3,0,6,3,14,0,4,2,0,0,0
DOS_001558,4,0,19,2,0,0,1,3,0,6,1,7,4,1,12,0,0,0
DOS_001559,4,0,61,3,0,0,5,3,2,9,5,7,4,5,54,1,0,0
DOS_001560,1,0,25,3,0,0,2,5,1,1,10,7,4,3,3,0,0,0
DOS_001561,0,1,363,2,0,0,3,0,1,1,5,3,2,3,23,0,363,1
DOS_001562,3,0,18,2,0,1,1,11,0,1,7,7,0,2,9,0,0,0
DOS_001563,0,0,19,2,0,1,2,1,0,1,1,7,2,2,38,0,0,0
DOS_001564,4,0,160,2,0,1,1,5,0,3,10,14,4,3,0,1,0,0
DOS_001565,1,1,1,4,1,1,3,13,0,6,2,14,4,1,9,0,1,0
DOS_001566,2,1,71,0,1,0,1,13,0,1,11,5,6,4,34,0,71,0
DOS_001567,0,1,77,1,1,0,2,10,0,4,6,14,1,4,23,0,77,0
DOS_001568,2,1,108,1,0,1,1,0,1,6,8,14,3,0,45,0,108,0
DOS_001569,1,1,220,0,0,0,1,8,0,8,4,7,7,3,5,0,220,0
DOS_001570,2,0,222,1,0,0,2,11,0,7,3,5,2,5,22,0,0,0
DOS_001571,0,0,4,3,0,1,1,5,0,8,3,7,0,6,6,0,0,0
DOS_001572,3,1,103,2,0,0,3,6,0,6,3,5,6,4,30,1,103,0
DOS_001573,4,1,62,0,0,0,1,13,0,2,2,7,4,1,4,0,62,0
DOS_001574,0,1,62,3,1,1,1,11,0,0,1,2,2,1,4,0,62,1
DOS_001575,0,0,8,3,1,1,2,0,0,9,5,7,3,1,11,1,0,1
DOS_001576,0,0,63,1,0,0,1,7,1,6,10,14,2,4,15,0,0,0
DOS_001577,2,0,242,4,0,1,1,11,0,5,5,3,7,1,20,1,0,0
DOS_001578,2,1,145,1,1,0,3,11,1,1,5,7,7,3,26,0,145,0
DOS_001579,1,0,34,3,0,0,1,11,1,0,4,5,3,1,18,0,0,0
DOS_001580,0,0,2,2,0,1,1,11,1,9,3,7,2,5,1,0,0,0
DOS_001581,1,1,26,3,0,1,1,11,0,3,12,7,1,4,12,0,26,1
DOS_001582,2,0,105,1,0,0,1,4,0,3,3,3,2,7,1,0,0,0
DOS_001583,1,1,72,1,0,0,2,4,1,5,2,7,6,2,3,0,72,0
DOS_001584,5,0,36,0,1,0,1,13,2,4,5,14,5,4,2,0,0,0
DOS_001585,0,0,3,1,1,0,3,5,2,8,4,5,1,4,5,0,0,0
DOS_001586,2,0,33,4,0,0,1,6,0,7,6,7,3,1,50,1,0,0
DOS_001587,1,1,37,1,0,0,1,6,1,8,2,7,4,2,29,0,37,1
DOS_001588,1,0,158,2,1,0,1,4,1,9,2,5,4,4,21,1,0,0
DOS_001589,3,0,61,2,0,0,2,0,1,6,8,14,7,2,39,0,0,0
DOS_001590,2,1,22,1,0,0,5,10,0,8,6,7,2,2,97,0,22,0
DOS_001591,5,0,44,3,0,1,2,8,0,2,3,5,0,2,16,0,0,0
DOS_001592,0,1,4,1,0,0,5,14,0,8,5,3,2,3,13,1,4,0
DOS_001593,0,1,215,0,1,0,1,5,0,1,3,7,1,1,114,0,215,0
DOS_001594,3,0,26,5,1,1,1,12,1,8,11,7,1,1,44,0,0,0
DOS_001595,2,1,38,1,0,1,1,8,2,5,2,7,3,1,45,0,38,0
DOS_001596,0,0,26,1,0,0,1,10,1,3,3,7,2,3,27,0,0,0
DOS_001597,0,1,68,1,0,0,1,3,0,1,1,7,3,2,21,0,68,0
DOS_001598,0,0,65,1,0,1,1,1,1,9,7,5,0,5,23,1,0,0
DOS_001599,4,1,75,1,1,0,1,12,0,2,6,7,4,4,31,1,75,0
DOS_001600,0,0,18,0,1,1,1,12,1,4,5,14,4,6,14,0,0,0
DOS_001601,0,1,22,2,0,0,1,2,1,8,6,14,2,2,45,0,22,0
DOS_001602,0,0,8,2,1,0,1,11,0,6,8,5,3,4,71,0,0,0
DOS_001603,1,0,63,1,1,0,4,3,0,2,3,7,3,5,25,0,0,0
DOS_001604,0,0,2,3,1,1,1,9,0,3,3,5,0,4,14,0,0,0
DOS_001605,1,0,54,1,0,1,3,11,0,1,12,3,3,6,35,0,0,0
DOS_001606,0,1,122,0,0,0,2,7,1,7,5,7,5,5,6,0,122,0
DOS_001607,3,0,132,3,1,0,1,2,0,5,5,5,5,3,103,0,0,0
DOS_001608,0,1,35,3,0,0,1,7,0,2,11,3,1,4,32,1,35,0
DOS_001609,1,1,36,0,1,0,1,5,0,4,1,7,5,3,2,0,36,0
DOS_001610,4,1,4,1,1,1,2,3,1,4,4,14,7,3,22,0,4,0
DOS_001611,2,0,66,2,1,0,1,13,0,0,9,14,5,2,41,0,0,0
DOS_001612,1,0,103,1,0,1,1,6,0,4,8,7,1,3,9,1,0,0
DOS_001613,0,1,16,0,1,1,1,14,1,5,3,7,5,3,1,0,16,0
DOS_001614,0,0,32,0,0,1,4,13,0,9,5,3,5,3,20,0,0,0
DOS_001615,2,0,109,2,1,1,1,10,0,9,5,7,1,4,53,0,0,0
DOS_001616,5,1,125,3,0,0,2,12,1,1,7,14,2,4,8,0,125,0
DOS_001617,2,1,16,0,0,0,2,4,0,2,8,14,6,2,37,0,16,0
DOS_001618,2,1,47,0,1,0,4,4,1,9,9,7,1,2,15,1,47,1
DOS_001619,3,0,12,1,0,0,2,8,1,4,7,2,1,3,1,0,0,0
DOS_001620,1,1,6,3,0,0,2,12,0,2,2,5,7,2,10,0,6,0
DOS_001621,0,0,145,0,1,0,4,2,0,4,8,5,5,2,11,0,0,0
DOS_001622,2,0,103,5,0,1,3,9,1,4,8,14,4,0,70,0,0,0
DOS_001623,5,1,85,1,0,0,1,14,1,7,11,2,6,4,120,1,85,0
DOS_001624,0,0,2,1,0,1,1,3,0,9,2,7,5,1,7,0,0,0
DOS_001625,2,0,111,3,1,1,3,4,0,8,6,3,2,3,16,0,0,0
DOS_001626,0,0,34,1,0,1,3,0,0,7,10,7,1,2,112,0,0,0
DOS_001627,1,1,25,0,0,0,2,6,1,2,1,7,0,3,15,0,25,0
DOS_001628,0,1,47,1,0,0,2,7,2,0,11,7,1,3,12,0,47,0
DOS_001629,1,1,5,1,0,0,2,14,1,2,7,7,6,1,3,0,5,0
DOS_001630,3,1,84,1,0,0,1,5,0,0,10,7,2,5,41,0,84,0
DOS_001631,0,0,52,2,0,0,2,8,0,8,2,3,6,3,17,0,0,0
DOS_001632,2,0,12,1,0,1,1,2,1,2,5,5,3,4,30,0,0,0
DOS_001633,3,0,12,0,0,0,5,1,2,7,7,14,6,4,21,0,0,0
DOS_001634,5,0,12,2,0,0,3,4,0,5,10,5,5,2,5,1,0,0
DOS_001635,0,0,3,1,1,1,2,12,0,2,11,2,4,3,5,0,0,0
DOS_001636,1,1,53,2,0,0,1,8,0,8,9,5,4,1,84,0,53,0
DOS_001637,0,0,110,2,0,0,1,10,0,7,1,5,5,1,66,0,0,0
DOS_001638,5,0,1,1,0,1,1,0,1,2,9,7,7,1,28,1,0,0
DOS_001639,5,0,3,1,0,0,2,0,2,6,11,7,5,4,0,0,0,0
DOS_001640,1,0,51,0,1,1,2,9,0,4,5,14,2,3,17,1,0,1
DOS_001641,4,1,102,2,1,0,1,2,0,1,6,7,7,5,22,0,102,0
DOS_001642,1,0,23,1,0,1,2,9,0,7,8,2,1,2,17,0,0,0
DOS_001643,2,0,25,4,0,0,3,2,2,0,11,7,7,7,77,0,0,0
DOS_001644,0,1,54,1,0,0,1,4,0,3,2,7,0,6,1,0,54,0
DOS_001645,3,0,19,3,0,0,2,3,0,3,12,14,1,6,31,0,0,0
DOS_001646,0,0,1,1,1,0,3,5,0,9,7,5,1,3,11,0,0,0
DOS_001647,4,0,79,2,0,0,2,11,0,4,12,5,0,3,24,0,0,0
DOS_001648,3,1,58,2,0,0,2,7,1,3,4,7,7,3,32,0,58,0
DOS_001649,3,1,52,4,0,0,2,7,0,0,9,7,4,2,17,0,52,0
DOS_001650,0,1,81,1,0,0,5,14,0,6,6,7,7,5,4,0,81,0
DOS_001651,0,0,67,0,1,0,1,10,1,9,7,3,1,2,21,0,0,0
DOS_001652,0,1,13,3,0,0,2,3,0,1,11,7,3,4,81,0,13,0
DOS_001653,1,0,26,6,1,1,1,0,0,9,6,2,3,0,23,0,0,0
DOS_001654,0,0,8,1,0,0,1,12,2,2,11,3,2,2,3,0,0,0
DOS_001655,5,0,8,0,0,0,1,13,1,4,8,5,2,8,52,0,0,0
DOS_001656,2,0,67,1,0,1,1,13,1,7,6,5,6,3,7,0,0,0
DOS_001657,0,0,117,1,1,1,5,6,1,9,7,7,0,2,13,0,0,0
DOS_001658,1,1,197,0,0,0,4,5,2,7,8,5,0,2,16,1,197,0
DOS_001659,1,1,59,1,0,0,1,4,0,1,1,2,2,1,12,0,59,0
DOS_001660,2,0,12,1,1,0,2,3,0,8,10,3,5,3,15,1,0,0
DOS_001661,1,0,6,4,0,0,2,5,0,5,12,3,1,2,47,0,0,0
DOS_001662,4,0,100,4,1,1,3,7,0,8,4,5,5,2,7,0,0,0
DOS_001663,1,0,51,2,0,0,2,5,0,3,6,3,4,3,19,0,0,0
DOS_001664,5,1,57,0,1,1,1,2,2,2,1,5,3,5,0,0,57,0
DOS_001665,4,0,91,1,0,0,3,8,1,4,4,7,0,1,21,0,0,0
DOS_001666,0,1,72,1,1,0,3,2,0,4,6,3,2,3,3,0,72,0
DOS_001667,5,0,107,2,1,1,2,3,0,3,7,3,3,4,9,1,0,1
DOS_001668,0,0,3,0,0,0,4,12,0,6,6,7,5,4,11,1,0,0
DOS_001669,3,0,82,5,1,0,4,4,1,7,11,7,0,5,2,0,0,0
DOS_001670,1,0,114,2,1,1,2,10,0,4,4,14,0,5,13,0,0,0
DOS_001671,4,0,20,2,0,1,2,1,1,8,12,7,6,0,20,0,0,0
DOS_001672,4,1,61,1,0,1,5,10,2,6,7,14,1,4,16,0,61,0
DOS_001673,3,0,22,1,0,0,1,9,0,6,10,5,0,3,9,0,0,0
DOS_001674,3,1,190,0,1,0,1,14,1,7,2,7,4,2,10,0,190,1
DOS_001675,0,0,2,3,1,1,1,10,0,3,6,7,7,3,30,0,0,0
DOS_001676,0,0,52,4,0,0,4,9,1,9,5,14,0,4,38,0,0,1
DOS_001677,1,0,10,2,0,1,3,1,0,5,2,5,7,5,25,0,0,0
DOS_001678,0,1,74,1,0,0,1,5,0,4,9,14,4,5,112,1,74,0
DOS_001679,2,0,11,3,0,0,5,14,2,0,7,7,5,2,86,0,0,0
DOS_001680,0,1,16,1,0,1,3,13,1,8,3,7,6,4,3,0,16,0
DOS_001681,5,0,40,2,0,0,4,1,0,1,7,14,1,1,9,0,0,0
DOS_001682,2,1,147,1,0,0,1,9,0,5,11,14,6,6,60,0,147,0
DOS_001683,4,0,14,0,0,0,2,0,0,7,11,7,4,5,0,0,0,0
DOS_001684,0,1,9,0,1,0,2,7,1,2,6,5,5,4,26,0,9,0
DOS_001685,4,1,85,3,1,0,2,9,0,4,7,5,3,1,92,0,85,0
DOS_001686,5,1,41,2,1,0,2,13,1,6,4,5,6,2,34,0,41,0
DOS_001687,1,0,145,0,1,0,3,9,0,3,10,2,6,3,2,0,0,0
DOS_001688,2,0,9,3,0,1,1,12,0,4,8,2,0,5,41,0,0,0
DOS_001689,3,0,62,1,0,0,3,0,1,0,8,7,6,1,14,0,0,0
DOS_001690,0,1,15,1,0,1,1,9,0,3,7,7,2,0,76,0,15,0
DOS_001691,1,0,10,1,1,0,1,13,1,6,7,2,2,2,10,0,0,0
DOS_001692,1,1,69,1,1,0,1,5,1,9,10,7,4,2,19,0,69,0
DOS_001693,0,0,54,2,1,0,1,11,0,6,8,5,1,4,41,0,0,0
DOS_001694,1,0,84,0,1,1,1,13,1,9,1,14,4,1,8,0,0,0
DOS_001695,0,0,22,0,0,1,3,0,0,9,6,3,7,1,6,0,0,0
DOS_001696,0,1,35,1,0,1,2,7,0,3,2,7,6,3,0,0,35,0
DOS_001697,0,1,31,1,0,0,1,13,0,5,1,14,6,5,20,0,31,0
DOS_001698,5,1,248,1,0,0,2,4,1,4,12,5,5,2,79,0,248,0
DOS_001699,1,0,20,1,0,1,1,2,0,0,10,7,6,1,9,0,0,0
DOS_001700,5,1,20,3,1,1,1,4,0,7,7,14,5,3,1,0,20,0
DOS_001701,1,1,26,2,0,1,2,14,0,6,6,3,6,3,29,0,26,0
DOS_001702,0,0,49,2,0,0,2,12,0,4,5,14,6,1,1,0,0,0
DOS_001703,1,1,17,0,0,1,3,0,0,9,5,7,4,3,21,0,17,0
DOS_001704,1,1,148,0,0,0,1,0,0,9,9,3,4,1,14,0,148,0
DOS_001705,0,1,18,2,0,0,3,11,0,6,9,5,3,4,19,0,18,0
DOS_001706,2,1,135,0,0,0,2,13,0,9,12,7,5,2,5,0,135,0
DOS_001707,0,0,6,2,0,0,5,3,0,2,12,14,3,1,2,0,0,0
DOS_001708,2,0,64,3,1,1,1,8,1,7,6,3,4,3,41,0,0,0
DOS_001709,2,1,142,3,0,1,2,13,1,4,3,7,1,3,8,0,142,1
DOS_001710,0,0,11,1,0,1,2,8,0,1,7,5,0,5,48,0,0,0
DOS_001711,0,1,207,2,1,1,5,0,2,1,4,7,5,3,42,0,207,0
DOS_001712,3,1,36,1,1,0,1,2,0,3,5,7,2,2,6,0,36,0
DOS_001713,1,1,174,3,1,1,2,12,0,6,7,7,3,2,71,0,174,0
DOS_001714,0,1,67,2,0,0,1,11,1,9,12,7,7,2,5,0,67,0
DOS_001715,5,0,21,1,0,1,2,3,1,3,7,14,5,1,47,0,0,0
DOS_001716,0,0,12,2,0,1,1,1,2,8,10,5,7,1,16,0,0,0
DOS_001717,2,0,21,0,0,1,1,6,2,1,8,7,0,4,6,0,0,0
DOS_001718,5,0,5,1,1,0,2,2,0,5,1,3,3,6,83,0,0,0
DOS_001719,0,0,9,0,0,1,1,0,2,3,5,7,5,2,99,0,0,0
DOS_001720,0,0,6,0,0,0,1,0,2,5,12,7,3,2,21,1,0,0
DOS_001721,0,1,32,2,0,0,1,2,0,9,9,5,3,3,18,0,32,0
DOS_001722,0,1,95,3,0,1,1,5,2,8,7,7,4,2,69,0,95,0
DOS_001723,0,0,9,2,0,0,5,3,0,9,11,7,6,4,27,0,0,0
DOS_001724,2,0,8,2,1,1,2,0,1,8,12,14,4,2,9,0,0,0
DOS_001725,0,1,61,0,1,0,3,6,0,8,2,3,3,1,16,0,61,0
DOS_001726,1,0,13,1,1,0,1,1,0,8,1,3,3,1,54,0,0,0
DOS_001727,5,0,6,0,0,1,4,11,1,2,8,7,6,3,58,0,0,0
DOS_001728,3,0,10,1,0,0,2,4,0,8,9,7,2,2,84,0,0,0
DOS_001729,2,1,154,3,0,0,2,7,1,2,10,7,0,4,10,0,154,0
DOS_001730,0,0,103,1,0,0,2,6,0,9,5,14,6,3,34,0,0,0
DOS_001731,2,1,26,0,1,0,3,10,0,2,11,7,0,4,2,0,26,0
DOS_001732,1,0,63,1,0,1,2,11,0,4,6,14,1,3,38,0,0,1
DOS_001733,1,0,46,0,1,0,1,7,1,5,2,7,7,2,24,0,0,0
DOS_001734,0,0,67,0,0,1,1,12,1,8,11,3,6,3,8,0,0,0
DOS_001735,4,0,68,1,0,1,2,9,1,0,5,5,1,2,31,0,0,0
DOS_001736,1,1,59,0,0,0,2,13,1,7,12,14,1,2,4,0,59,0
DOS_001737,0,1,18,2,0,1,1,10,0,3,4,5,4,4,12,0,18,0
DOS_001738,1,1,2,0,1,1,1,5,0,9,8,14,4,1,15,0,2,0
DOS_001739,1,1,36,4,0,0,2,6,0,6,8,7,2,2,45,0,36,0
DOS_001740,4,1,132,1,1,0,3,8,2,5,5,5,4,4,11,0,132,0
DOS_001741,3,1,50,3,1,0,1,5,1,5,11,7,1,2,1,0,50,0
DOS_001742,3,1,107,0,0,1,1,8,0,6,8,7,5,0,5,0,107,0
DOS_001743,0,0,286,3,1,1,3,14,0,3,6,7,3,3,28,0,0,0
DOS_001744,1,0,10,1,0,0,2,12,0,5,10,2,1,3,0,0,0,0
DOS_001745,1,0,70,2,1,1,1,11,1,2,6,14,2,1,47,0,0,0
DOS_001746,0,1,67,3,1,1,3,1,0,4,4,7,3,7,69,0,67,0
DOS_001747,0,0,234,2,1,1,2,12,1,1,10,14,4,6,20,1,0,1
DOS_001748,3,0,254,0,0,1,2,1,0,2,12,7,3,6,36,0,0,0
DOS_001749,0,1,69,1,0,0,5,13,0,8,11,5,5,4,18,0,69,0
DOS_001750,1,1,16,2,0,1,4,1,1,5,3,7,2,6,11,0,16,0
DOS_001751,0,1,96,2,0,1,1,5,0,2,9,7,4,5,5,0,96,0
DOS_001752,0,0,6,1,1,1,1,1,2,1,5,5,0,3,21,0,0,0
DOS_001753,0,1,91,0,1,0,1,2,0,4,10,14,1,1,79,0,91,0
DOS_001754,5,0,144,2,0,0,1,12,0,9,10,7,6,5,66,0,0,0
DOS_001755,3,0,28,3,0,0,1,7,0,4,4,14,5,4,75,0,0,0
DOS_001756,5,0,59,5,0,0,1,7,1,0,6,14,5,1,101,0,0,0
DOS_001757,1,0,33,1,0,1,4,10,1,2,4,7,6,4,5,0,0,0
DOS_001758,0,0,34,1,0,0,4,11,0,6,6,7,1,1,4,0,0,0
DOS_001759,1,1,22,1,0,1,2,3,0,8,10,7,2,3,16,0,22,0
DOS_001760,1,0,86,1,1,1,2,8,1,4,8,7,2,5,35,0,0,1
DOS_001761,4,1,165,4,0,1,1,7,0,3,8,7,5,2,17,0,165,0
DOS_001762,0,0,169,1,0,0,1,0,0,2,12,7,1,7,66,0,0,0
DOS_001763,1,0,11,3,1,1,1,7,0,9,6,7,3,5,37,1,0,1
DOS_001764,0,0,124,0,0,1,3,0,1,8,1,7,0,2,30,0,0,0
DOS_001765,0,0,80,1,0,1,1,14,0,6,1,7,0,2,2,0,0,0
DOS_001766,3,1,17,1,1,0,4,3,0,6,3,3,2,6,5,0,17,0
DOS_001767,1,0,4,1,1,0,2,9,0,7,2,3,7,1,16,0,0,0
DOS_001768,1,0,18,1,0,0,1,5,0,9,1,14,2,1,112,0,0,1
DOS_001769,1,0,145,3,0,0,1,6,0,0,1,7,3,2,12,0,0,0
DOS_001770,1,0,60,0,1,0,2,9,1,3,12,2,2,2,29,0,0,0
DOS_001771,3,1,76,3,1,0,4,12,0,4,12,14,0,2,135,0,76,0
DOS_001772,4,0,17,2,0,1,3,3,0,4,12,2,7,1,9,0,0,0
DOS_001773,5,1,76,1,0,0,1,7,0,0,6,7,1,2,5,0,76,1
DOS_001774,3,1,1,3,0,0,2,7,1,2,7,2,5,2,23,0,1,0
DOS_001775,0,1,28,1,0,1,1,13,0,1,8,14,0,2,24,0,28,0
DOS_001776,2,1,59,2,0,0,5,13,2,6,3,14,3,8,76,0,59,0
DOS_001777,1,1,9,1,0,1,3,13,0,4,1,7,1,2,0,1,9,0
DOS_001778,0,1,103,0,0,0,2,8,0,2,5,5,1,4,15,1,103,0
DOS_001779,4,1,16,1,1,0,1,13,0,7,8,7,5,3,11,0,16,0
DOS_001780,0,0,63,1,0,0,2,5,1,0,12,7,0,6,25,0,0,0
DOS_001781,4,0,31,0,1,1,1,3,1,0,11,3,6,2,0,0,0,0
DOS_001782,1,0,54,1,1,0,1,1,0,5,11,5,1,1,37,0,0,0
DOS_001783,2,1,6,1,0,1,1,14,0,0,4,7,1,2,19,0,6,0
DOS_001784,2,1,1,3,1,0,4,6,0,3,2,5,2,3,36,0,1,0
DOS_001785,4,0,144,1,1,0,2,9,0,5,9,2,1,5,17,0,0,0
DOS_001786,2,1,18,1,0,1,1,2,0,0,12,7,3,3,19,0,18,0
DOS_001787,2,0,102,1,0,0,4,10,0,8,9,7,1,5,67,0,0,0
DOS_001788,0,0,365,1,0,1,1,12,1,3,3,14,2,1,7,0,0,0
DOS_001789,1,1,14,1,1,0,1,11,0,8,7,2,4,4,7,0,14,0
DOS_001790,0,0,18,3,0,0,1,2,0,8,1,7,4,2,24,0,0,0
DOS_001791,3,0,65,3,0,1,2,2,0,5,8,5,3,3,32,0,0,0
DOS_001792,1,1,201,1,1,1,2,3,0,6,8,3,5,3,13,0,201,0
DOS_001793,2,1,148,2,0,0,2,1,0,0,3,7,5,2,21,0,148,0
DOS_001794,0,0,41,2,0,1,3,12,0,4,12,3,6,3,7,0,0,0
DOS_001795,0,1,95,5,1,0,1,12,0,2,5,5,6,3,4,0,95,0
DOS_001796,3,0,8,2,0,1,3,4,2,9,4,7,3,3,8,0,0,0
DOS_001797,0,0,227,2,1,1,1,2,0,9,7,7,7,8,74,0,0,0
DOS_001798,0,0,200,2,1,0,3,9,0,5,11,14,1,6,48,0,0,0
DOS_001799,0,1,10,2,0,0,2,4,1,3,7,5,1,1,4,0,10,0
DOS_001800,5,0,21,4,0,0,2,11,0,8,11,7,7,3,1,0,0,0
DOS_001801,3,1,6,1,1,0,2,12,1,6,8,5,4,3,2,0,6,0
DOS_001802,1,1,19,1,1,0,2,6,0,3,5,3,4,2,10,0,19,0
DOS_001803,0,1,101,0,0,1,1,8,1,5,11,14,0,2,50,1,101,0
DOS_001804,0,0,28,6,0,1,4,1,1,1,5,7,4,2,11,0,0,0
DOS_001805,3,1,5,0,0,0,1,8,2,2,8,5,7,8,6,1,5,0
DOS_001806,2,0,25,3,1,0,1,9,1,6,5,7,6,3,15,0,0,0
DOS_001807,0,0,239,1,1,0,2,5,0,3,1,14,4,2,3,0,0,0
DOS_001808,0,0,59,1,0,1,3,11,1,9,11,2,3,5,19,0,0,0
DOS_001809,0,0,32,0,1,0,1,5,0,6,3,5,0,3,33,0,0,0
DOS_001810,2,1,10,1,0,0,4,10,1,8,2,3,5,3,13,0,10,0
DOS_001811,3,0,256,1,1,0,5,2,0,4,12,14,0,3,5,0,0,0
DOS_001812,0,0,103,1,0,0,2,13,1,0,10,3,7,1,18,0,0,0
DOS_001813,0,1,19,2,0,0,2,9,1,4,5,5,1,2,43,0,19,0
DOS_001814,0,0,4,3,0,0,3,12,1,5,8,7,1,2,2,0,0,0
DOS_001815,5,1,3,0,0,0,1,8,0,1,9,7,0,6,2,0,3,0
DOS_001816,0,0,7,2,1,0,2,3,1,7,9,7,0,3,11,0,0,0
DOS_001817,3,1,52,2,0,0,4,4,0,1,1,5,1,1,16,0,52,0
DOS_001818,2,1,158,2,0,0,5,2,0,8,1,7,6,2,7,0,158,0
DOS_001819,1,0,41,1,0,0,4,4,0,1,1,14,7,2,0,0,0,0
DOS_001820,0,0,111,1,0,1,1,7,1,2,1,5,3,2,7,0,0,0
DOS_001821,0,0,35,0,1,1,1,7,1,7,9,3,3,2,17,0,0,0
DOS_001822,2,1,73,3,1,0,1,13,1,5,1,7,3,6,2,1,73,0
DOS_001823,3,0,78,1,0,0,1,7,0,0,7,7,3,3,37,0,0,0
DOS_001824,2,0,11,1,0,1,1,5,1,3,6,5,1,3,24,0,0,0
DOS_001825,1,0,26,4,0,0,1,14,0,4,9,3,7,5,17,0,0,0
DOS_001826,0,0,60,2,1,0,2,14,0,2,11,7,6,2,21,0,0,0
DOS_001827,5,0,4,6,1,0,3,0,0,0,9,7,2,2,31,1,0,0
DOS_001828,3,1,26,1,1,1,3,10,1,2,4,14,4,1,157,0,26,0
DOS_001829,0,0,45,1,1,1,3,9,0,8,9,7,4,4,44,1,0,0
DOS_001830,5,0,334,2,1,0,1,11,0,1,6,3,4,2,23,0,0,0
DOS_001831,2,1,38,2,1,0,1,5,1,0,5,7,4,2,44,0,38,0
DOS_001832,2,1,101,1,0,1,3,11,0,6,9,3,1,2,19,0,101,0
DOS_001833,3,0,33,2,0,1,2,10,1,6,7,14,2,1,11,0,0,0
DOS_001834,3,0,95,3,0,1,2,9,0,4,9,7,1,5,9,0,0,0
DOS_001835,2,0,54,2,0,0,1,6,0,1,5,7,2,5,15,0,0,0
DOS_001836,0,1,130,0,0,0,1,13,2,0,4,7,1,1,0,0,130,0
DOS_001837,0,0,31,1,0,1,2,8,0,4,10,3,6,0,5,0,0,0
DOS_001838,5,1,55,1,0,0,4,11,1,9,3,2,0,1,4,0,55,0
DOS_001839,0,1,59,1,0,0,4,7,0,3,5,5,2,0,96,0,59,0
DOS_001840,1,0,32,0,0,0,2,10,0,8,9,7,4,1,2,0,0,0
DOS_001841,1,0,9,1,0,1,2,11,1,4,3,7,2,2,20,0,0,0
DOS_001842,1,0,5,2,1,1,3,7,0,9,1,3,5,3,75,0,0,0
DOS_001843,2,0,1,1,1,0,2,14,1,1,2,7,3,2,28,0,0,0
DOS_001844,5,0,124,1,1,1,2,6,0,3,10,3,2,3,20,0,0,0
DOS_001845,0,1,16,1,0,0,4,1,0,8,5,7,5,3,40,0,16,0
DOS_001846,0,1,14,2,0,1,3,0,1,7,3,7,3,2,13,0,14,1
DOS_001847,0,1,79,0,0,0,4,14,0,2,6,7,5,3,6,0,79,0
DOS_001848,4,1,23,0,1,0,1,1,0,7,11,5,3,4,56,0,23,0
DOS_001849,2,0,42,0,0,0,2,14,1,1,8,14,0,4,1,0,0,0
DOS_001850,0,0,10,2,0,0,3,5,1,2,6,2,2,1,49,0,0,0
DOS_001851,3,0,192,1,1,0,1,12,0,4,10,3,5,3,3,0,0,0
DOS_001852,4,1,114,2,0,0,3,1,1,9,9,7,6,5,29,0,114,0
DOS_001853,4,1,119,0,0,1,1,9,2,9,6,14,0,9,19,1,119,0
DOS_001854,4,1,31,1,0,0,3,3,0,7,5,2,4,3,195,0,31,0
DOS_001855,0,0,86,2,0,0,2,14,0,0,4,7,2,4,14,0,0,0
DOS_001856,3,0,9,3,0,0,1,9,0,3,2,7,1,4,94,0,0,0
DOS_001857,1,1,0,3,0,0,2,2,1,0,6,7,1,4,15,1,0,0
DOS_001858,4,0,1,2,1,0,2,5,1,0,2,7,1,1,34,0,0,0
DOS_001859,3,1,53,0,1,1,2,11,1,4,5,5,6,2,30,0,53,0
DOS_001860,3,1,36,1,0,0,1,11,2,5,1,5,5,1,2,0,36,0
DOS_001861,2,1,43,3,1,1,4,12,0,0,3,7,5,5,40,0,43,0
DOS_001862,0,0,0,2,0,1,2,13,0,5,10,2,3,3,7,1,0,0
DOS_001863,1,0,32,0,0,0,2,7,0,4,5,7,1,1,14,0,0,0
DOS_001864,5,0,75,2,0,0,1,10,0,3,7,5,4,3,45,0,0,0
DOS_001865,5,0,35,4,0,1,4,5,1,9,8,7,5,3,86,0,0,0
DOS_001866,0,0,79,3,0,0,1,1,1,4,7,7,6,4,24,0,0,0
DOS_001867,0,1,15,1,0,0,2,4,0,7,7,14,2,4,21,0,15,0
DOS_001868,0,1,100,3,1,1,3,10,0,8,11,7,5,2,21,0,100,0
DOS_001869,3,0,53,0,0,0,1,12,1,1,2,3,2,0,50,0,0,0
DOS_001870,3,0,14,3,0,0,2,5,0,5,6,2,6,5,149,0,0,0
DOS_001871,0,0,16,1,1,1,1,8,0,2,5,7,5,2,30,0,0,0
DOS_001872,1,0,59,1,0,0,3,5,1,1,11,7,7,0,14,0,0,0
DOS_001873,4,1,106,4,0,0,2,9,0,0,9,7,3,3,7,0,106,0
DOS_001874,3,0,32,2,1,1,4,4,2,3,12,7,3,0,6,0,0,0
DOS_001875,1,0,17,5,0,1,4,0,0,7,10,7,3,2,58,0,0,0
DOS_001876,2,0,121,3,0,0,2,9,1,2,11,14,4,4,146,0,0,0
DOS_001877,1,1,66,2,0,0,3,4,1,4,4,2,5,2,35,0,66,0
DOS_001878,0,1,35,0,0,1,2,4,0,9,12,7,2,7,93,0,35,0
DOS_001879,2,0,40,2,0,1,1,5,0,4,7,2,6,0,12,0,0,0
DOS_001880,2,0,13,2,0,0,2,6,0,4,11,5,5,1,29,0,0,0
DOS_001881,4,1,59,1,1,0,4,12,0,8,8,7,6,2,21,0,59,0
DOS_001882,2,1,26,3,1,0,1,12,0,7,6,7,0,1,19,0,26,0
DOS_001883,3,0,326,1,0,1,1,3,1,7,3,5,3,1,30,0,0,0
DOS_001884,0,1,39,0,1,1,1,6,1,0,11,7,1,3,11,0,39,0
DOS_001885,1,1,39,3,1,1,1,4,1,0,5,5,6,2,30,0,39,0
DOS_001886,0,1,50,4,0,1,1,5,0,1,1,5,0,3,33,0,50,0
DOS_001887,0,1,149,1,0,0,2,3,1,7,8,3,6,1,54,0,149,0
DOS_001888,3,1,96,1,0,0,2,11,0,9,12,7,0,3,39,0,96,0
DOS_001889,5,0,35,3,1,1,2,7,2,0,12,2,6,2,11,0,0,0
DOS_001890,0,1,76,0,0,1,1,8,2,3,12,5,3,3,17,0,76,0
DOS_001891,1,0,52,1,1,0,2,1,1,8,11,5,1,2,3,0,0,0
DOS_001892,3,1,40,5,0,0,4,11,1,1,2,3,7,7,8,0,40,0
DOS_001893,0,0,12,0,0,1,5,10,0,2,10,2,3,4,22,0,0,0
DOS_001894,2,1,37,2,0,0,2,3,0,5,7,3,6,7,3,1,37,0
DOS_001895,3,1,16,0,0,0,1,10,1,9,9,5,3,2,25,0,16,0
DOS_001896,2,0,147,1,1,1,5,7,0,2,1,7,1,1,14,0,0,0
DOS_001897,0,1,24,4,1,1,3,7,0,3,4,5,0,4,1,0,24,0
DOS_001898,1,0,182,4,0,0,1,14,1,8,7,7,0,2,17,0,0,0
DOS_001899,3,1,45,0,1,1,1,8,1,8,9,5,6,5,9,0,45,0
DOS_001900,2,0,59,7,1,0,1,2,0,9,2,5,5,2,2,0,0,0
DOS_001901,0,0,46,2,0,0,1,0,0,4,2,7,1,2,10,1,0,0
DOS_001902,3,1,8,2,1,0,1,8,0,6,6,7,0,1,10,0,8,0
DOS_001903,0,0,28,1,0,1,4,0,1,8,3,14,4,1,13,0,0,0
DOS_001904,3,1,6,3,0,1,2,2,0,7,4,5,3,5,13,0,6,0
DOS_001905,0,0,58,0,0,1,2,2,2,6,3,7,6,2,16,0,0,0
DOS_001906,5,0,35,1,1,1,3,8,1,7,1,7,4,3,2,0,0,0
DOS_001907,1,0,90,0,0,0,3,14,0,4,6,14,4,2,0,0,0,0
DOS_001908,0,1,14,1,1,0,4,0,0,4,11,14,5,4,39,0,14,0
DOS_001909,0,0,10,0,1,0,5,6,0,4,11,2,5,3,12,0,0,0
DOS_001910,0,0,31,0,0,0,1,1,2,0,2,2,5,5,28,0,0,0
DOS_001911,4,0,156,0,0,1,5,6,0,5,2,7,4,2,11,0,0,0
DOS_001912,5,0,74,3,0,1,3,14,1,4,7,5,2,2,124,0,0,0
DOS_001913,1,1,32,1,0,1,1,14,0,7,5,7,7,4,11,0,32,0
DOS_001914,1,1,43,2,0,0,2,0,0,7,8,2,2,3,27,1,43,1
DOS_001915,3,0,5,1,0,0,2,12,2,1,2,7,4,2,7,0,0,0
DOS_001916,4,1,250,1,0,0,4,9,0,5,10,3,3,3,21,0,250,0
DOS_001917,2,0,65,1,0,0,1,9,1,9,8,5,6,2,25,0,0,0
DOS_001918,1,1,20,1,0,0,2,7,0,9,7,14,4,7,6,0,20,0
DOS_001919,1,1,52,1,0,0,1,9,1,5,10,2,6,2,3,0,52,0
DOS_001920,2,1,6,5,1,0,1,12,1,2,8,5,4,5,109,0,6,0
DOS_001921,0,0,202,0,1,0,1,9,1,0,11,2,5,2,67,0,0,0
DOS_001922,2,1,11,1,0,0,2,1,0,6,3,14,6,2,32,0,11,0
DOS_001923,1,0,62,1,0,0,3,2,0,9,8,7,5,5,59,0,0,0
DOS_001924,3,1,16,2,0,0,1,13,0,4,6,7,5,3,3,0,16,0
DOS_001925,0,0,75,1,0,0,2,7,0,9,2,7,7,5,39,0,0,0
DOS_001926,2,1,89,1,0,0,1,2,1,4,6,5,7,2,10,0,89,0
DOS_001927,1,1,67,3,0,0,1,0,0,7,5,2,2,3,23,1,67,0
DOS_001928,2,1,57,1,1,0,2,8,0,4,3,5,4,0,43,0,57,0
DOS_001929,0,0,133,0,0,0,1,7,1,4,1,7,3,3,1,0,0,0
DOS_001930,2,1,4,1,1,0,2,14,1,0,7,7,3,3,35,1,4,0
DOS_001931,2,0,24,1,0,1,1,3,2,1,2,3,5,4,17,0,0,0
DOS_001932,2,1,17,3,0,1,1,7,0,4,1,3,5,2,17,0,17,0
DOS_001933,2,0,265,1,0,1,2,13,0,6,1,3,4,2,71,0,0,0
DOS_001934,2,0,29,2,0,0,2,4,0,2,7,5,7,3,58,0,0,0
DOS_001935,3,0,79,2,0,0,1,2,0,0,12,3,3,7,1,0,0,0
DOS_001936,0,0,69,0,0,1,2,0,0,1,1,3,4,3,28,0,0,0
DOS_001937,4,0,14,2,0,0,3,12,2,2,9,2,7,0,17,0,0,0
DOS_001938,1,0,16,0,0,1,3,9,0,8,6,14,6,4,3,0,0,0
DOS_001939,0,0,19,0,1,0,1,4,0,7,4,3,2,3,57,0,0,0
DOS_001940,0,1,31,1,1,0,2,10,0,3,12,7,4,5,2,0,31,0
DOS_001941,0,1,16,2,0,1,2,5,0,7,4,5,5,6,0,1,16,0
DOS_001942,3,0,1,3,0,0,1,3,0,8,12,7,0,3,6,0,0,0
DOS_001943,3,0,126,2,0,0,4,6,0,2,5,2,2,3,10,0,0,0
DOS_001944,3,0,202,1,1,0,4,2,0,5,2,7,3,3,1,0,0,1
DOS_001945,1,0,25,1,0,0,4,6,0,7,5,5,3,4,30,0,0,0
DOS_001946,1,1,24,2,0,0,3,13,0,9,2,2,5,1,17,0,24,0
DOS_001947,0,1,0,0,0,0,3,0,1,6,12,14,5,4,15,0,0,0
DOS_001948,0,0,68,2,0,1,2,6,0,8,4,7,2,4,4,0,0,0
DOS_001949,1,0,104,3,0,1,2,0,0,6,10,3,5,5,17,0,0,0
DOS_001950,0,0,9,2,1,0,3,12,2,0,11,5,0,2,14,1,0,0
DOS_001951,0,1,10,2,1,1,2,10,0,8,5,5,2,2,14,0,10,0
DOS_001952,2,1,93,0,0,0,1,0,1,4,6,7,7,2,7,0,93,0
DOS_001953,3,0,57,0,0,0,1,1,1,5,6,7,7,4,2,0,0,0
DOS_001954,5,0,2,2,0,1,4,1,0,1,9,2,7,1,9,0,0,0
DOS_001955,5,1,58,0,0,1,1,3,1,1,4,3,5,4,33,0,58,1
DOS_001956,2,1,22,5,1,1,2,12,2,3,5,7,6,0,2,0,22,0
DOS_001957,1,0,27,0,0,0,5,0,0,3,6,5,1,7,14,0,0,0
DOS_001958,2,0,88,0,0,0,3,3,1,4,4,7,0,2,21,0,0,0
DOS_001959,3,0,99,2,0,1,5,1,0,6,6,7,2,6,99,0,0,0
DOS_001960,0,1,30,2,1,0,2,3,0,0,2,7,1,0,55,1,30,0
DOS_001961,1,0,176,0,0,1,1,3,1,9,12,5,7,2,74,0,0,0
DOS_001962,4,0,31,1,0,0,3,8,2,3,7,14,7,5,51,0,0,0
DOS_001963,1,1,88,2,0,1,1,8,1,8,3,2,4,3,26,0,88,0
DOS_001964,2,0,39,2,0,0,1,0,0,7,10,7,0,2,59,0,0,0
DOS_001965,2,1,136,2,1,0,1,4,0,2,4,14,4,3,24,0,136,0
DOS_001966,0,0,143,1,0,0,1,6,1,5,9,7,7,2,13,0,0,0
DOS_001967,1,0,5,4,0,1,1,3,0,8,12,7,1,4,13,0,0,0
DOS_001968,0,1,165,4,0,1,1,11,2,7,5,3,3,2,25,0,165,0
DOS_001969,0,0,104,0,1,0,2,4,0,6,9,7,7,3,49,0,0,0
DOS_001970,0,1,94,1,0,1,3,1,0,6,10,5,3,2,4,0,94,0
DOS_001971,4,0,13,0,0,0,1,2,0,0,10,7,5,2,1,0,0,1
DOS_001972,0,0,98,1,0,0,1,6,0,4,10,3,3,6,46,1,0,0
DOS_001973,1,1,113,2,1,0,2,9,1,6,12,2,4,4,31,1,113,0
DOS_001974,0,0,20,3,1,0,2,12,0,1,10,5,0,1,51,0,0,0
DOS_001975,5,1,182,0,1,0,4,14,1,5,6,5,4,5,112,0,182,0
DOS_001976,0,0,3,1,0,0,1,6,0,1,8,14,4,2,8,0,0,0
DOS_001977,1,0,9,4,0,1,4,3,0,2,5,14,7,1,6,0,0,0
DOS_001978,4,0,46,2,1,1,2,11,1,0,5,7,7,1,12,0,0,0
DOS_001979,4,0,51,2,0,1,2,0,0,2,3,2,3,1,63,0,0,0
DOS_001980,0,1,62,4,0,0,1,0,1,6,7,3,4,0,0,1,62,0
DOS_001981,3,1,1,1,1,1,1,3,1,4,2,7,1,3,0,0,1,0
DOS_001982,1,0,193,2,0,1,1,3,1,3,11,3,2,4,7,0,0,0
DOS_001983,1,0,2,2,0,0,1,5,0,7,12,7,2,4,14,0,0,0
DOS_001984,0,1,9,3,1,1,2,6,1,7,3,2,2,8,10,0,9,0
DOS_001985,0,1,0,0,1,0,3,8,2,0,2,7,5,2,52,0,0,0
DOS_001986,3,0,50,1,0,0,3,8,0,8,8,7,7,1,35,0,0,0
DOS_001987,1,0,161,1,0,0,2,9,1,8,4,7,6,4,54,0,0,0
DOS_001988,1,0,65,2,0,0,2,11,0,1,10,7,6,3,14,0,0,0
DOS_001989,3,1,103,0,0,1,1,14,0,1,8,7,3,5,27,0,103,0
DOS_001990,3,0,0,2,0,0,5,11,0,7,8,7,6,2,21,0,0,0
DOS_001991,0,0,46,2,0,0,2,4,2,5,8,5,3,4,19,0,0,0
DOS_001992,2,1,36,1,1,1,1,9,1,2,8,5,2,1,10,0,36,0
DOS_001993,0,0,41,2,1,1,1,10,0,1,8,14,7,6,37,0,0,0
DOS_001994,3,0,4,2,1,1,2,2,0,4,12,7,0,4,22,0,0,0
DOS_001995,2,0,69,1,0,0,2,2,2,7,9,7,5,5,2,0,0,0
DOS_001996,5,0,41,2,0,0,1,14,0,5,2,7,2,3,0,0,0,0
DOS_001997,0,0,86,1,1,1,3,5,0,2,9,3,7,2,0,0,0,0
DOS_001998,0,0,39,2,0,0,3,0,1,8,8,14,4,2,2,0,0,0
DOS_001999,0,0,9,0,0,0,2,6,1,7,11,3,7,1,13,0,0,0
